Ticker,Date,Open,High,Low,Close,Adj Close,Volume
AMC,2018-02-01,128.0,159.0,126.5,150.0,147.010925,4000350
AMC,2018-03-01,159.5,160.800003,134.5,140.5,137.700211,3482360
AMC,2018-04-01,139.5,179.5,139.5,174.5,171.242935,3346240
AMC,2018-05-01,174.0,176.0,143.5,148.0,145.237549,3629970
AMC,2018-06-01,148.5,175.5,142.5,159.0,156.032227,3040710
AMC,2018-07-01,158.5,178.5,152.0,163.0,160.176208,3206210
AMC,2018-08-01,167.0,195.5,155.0,190.5,187.199844,4783470
AMC,2018-09-01,190.5,214.5,186.699997,205.0,201.448639,4101890
AMC,2018-10-01,205.399994,206.0,174.199997,192.600006,190.84082,4179610
AMC,2018-11-01,192.600006,198.800003,130.399994,136.5,135.253235,4484630
AMC,2018-12-01,138.5,154.399994,116.599998,122.800003,121.678368,2685030
AMC,2019-01-01,120.099998,147.5,119.0,146.5,145.360611,2103930
AMC,2019-02-01,145.199997,145.899994,128.199997,140.300003,139.208832,2658720
AMC,2019-03-01,156.600006,165.0,141.5,148.5,147.345032,4044160
AMC,2019-04-01,149.5,170.699997,145.300003,151.600006,150.624481,3304970
AMC,2019-05-01,151.5,153.0,117.099998,119.800003,119.029106,4136480
AMC,2019-06-01,119.400002,120.800003,92.800003,93.300003,92.699638,4817910
AMC,2019-07-01,98.5,119.800003,87.300003,118.300003,117.751114,6801140
AMC,2019-08-01,117.0,124.900002,104.599998,111.099998,110.584511,5908840
AMC,2019-09-01,111.900002,121.300003,104.400002,107.0,106.50354,3771660
AMC,2019-10-01,107.5,109.5,87.800003,93.699997,93.420692,5219300
AMC,2019-11-01,94.5,103.5,74.699997,81.800003,81.556175,7752300
AMC,2019-12-01,82.400002,87.800003,71.5,72.400002,72.355858,7275420
AMC,2020-01-01,73.0,76.0,62.5,65.199997,65.16024,6608580
AMC,2020-02-01,65.0,77.800003,51.200001,62.599998,62.561829,5801730
AMC,2020-03-01,63.099998,63.200001,19.5,31.6,31.580732,12318290
AMC,2020-04-01,30.0,55.299999,19.5,49.200001,49.200001,23082170
AMC,2020-05-01,46.200001,64.099998,38.099998,51.299999,51.299999,22659740
AMC,2020-06-01,50.299999,73.5,37.5,42.900002,42.900002,17007920
AMC,2020-07-01,42.599998,48.200001,38.099998,40.400002,40.400002,8177990
AMC,2020-08-01,40.5,71.0,38.599998,58.799999,58.799999,19674440
AMC,2020-09-01,57.900002,77.099998,43.599998,47.099998,47.099998,14228780
AMC,2020-10-01,47.799999,48.0,22.799999,23.6,23.6,25042970
AMC,2020-11-01,23.0,50.0,21.1,42.700001,42.700001,56334630
AMC,2020-12-01,44.299999,44.299999,20.799999,21.200001,21.200001,61387880
AMC,2021-01-01,22.0,203.600006,19.1,132.600006,132.600006,461926050
AMC,2021-02-01,170.0,172.5,52.599998,80.099998,80.099998,363385340
AMC,2021-03-01,88.599998,145.399994,75.0,102.099998,102.099998,247359070
AMC,2021-04-01,102.300003,122.199997,83.099998,100.300003,100.300003,93774920
AMC,2021-05-01,101.099998,367.200012,89.300003,261.200012,261.200012,342906800
AMC,2021-06-01,318.899994,726.200012,285.299988,566.799988,566.799988,552009010
AMC,2021-07-01,568.599976,577.099976,311.5,370.200012,370.200012,207826270
AMC,2021-08-01,375.799988,483.0,289.100006,471.299988,471.299988,202968870
AMC,2021-09-01,471.600006,527.900024,337.399994,380.600006,380.600006,140000590
AMC,2021-10-01,394.100006,444.399994,345.299988,353.700012,353.700012,81216040
AMC,2021-11-01,356.5,459.5,327.5,339.399994,339.399994,73126990
AMC,2021-12-01,347.100006,349.399994,208.0,272.0,272.0,119254890
AMC,2022-01-01,274.200012,281.299988,134.0,160.600006,160.600006,96772890
AMC,2022-02-01,181.5,209.600006,146.5,188.600006,188.600006,98367720
AMC,2022-03-01,190.0,343.299988,129.0,246.399994,246.399994,151744010
AMC,2022-04-01,251.300003,252.800003,147.0,153.0,153.0,71012450
AMC,2022-05-01,151.0,161.300003,97.0,143.399994,143.399994,106887090
AMC,2022-06-01,140.100006,147.5,110.900002,135.5,135.5,82007240
AMC,2022-07-01,134.800003,183.699997,121.599998,145.600006,145.600006,71300270
AMC,2022-08-01,143.300003,275.0,86.800003,91.199997,91.199997,144542260
AMC,2022-09-01,90.300003,107.5,68.099998,69.699997,69.699997,54883410
AMC,2022-10-01,68.400002,81.300003,54.700001,66.599998,66.599998,47378160
AMC,2022-11-01,67.599998,83.5,50.5,72.300003,72.300003,55740010
AMC,2022-12-01,72.900002,91.5,38.099998,40.700001,40.700001,66011810
IMAX,2018-01-16,20.799999,21.049999,20.549999,20.700001,20.700001,1208100
IMAX,2018-01-17,20.65,20.799999,20.299999,20.450001,20.450001,445900
IMAX,2018-01-18,20.5,21.200001,20.35,21.0,21.0,924000
IMAX,2018-01-19,21.0,21.049999,20.25,20.25,20.25,524500
IMAX,2018-01-22,20.35,20.65,19.799999,20.1,20.1,829900
IMAX,2018-01-23,20.15,20.25,20.0,20.15,20.15,365600
IMAX,2018-01-24,20.299999,20.4,19.85,19.9,19.9,409900
IMAX,2018-01-25,20.0,20.1,18.98,19.5,19.5,1765800
IMAX,2018-01-26,19.6,19.75,19.09,19.25,19.25,1936500
IMAX,2018-01-29,19.1,19.65,19.0,19.549999,19.549999,891400
IMAX,2018-01-30,19.5,19.6,19.0,19.25,19.25,1183100
IMAX,2018-01-31,19.4,20.02,19.299999,19.85,19.85,1470100
IMAX,2018-02-01,19.85,20.450001,19.6,20.1,20.1,781900
IMAX,2018-02-02,19.950001,20.780001,19.85,20.299999,20.299999,1198400
IMAX,2018-02-05,20.25,20.440001,19.799999,19.799999,19.799999,911900
IMAX,2018-02-06,19.4,19.85,19.059999,19.6,19.6,915100
IMAX,2018-02-07,19.65,20.6,19.35,20.450001,20.450001,1224600
IMAX,2018-02-08,20.5,20.58,19.9,19.950001,19.950001,786900
IMAX,2018-02-09,20.0,20.299999,19.549999,20.15,20.15,742100
IMAX,2018-02-12,20.25,21.049999,20.15,20.799999,20.799999,972800
IMAX,2018-02-13,20.75,21.5,20.41,21.049999,21.049999,1008200
IMAX,2018-02-14,20.950001,22.0,20.950001,21.799999,21.799999,657100
IMAX,2018-02-15,22.1,22.9,21.85,22.9,22.9,1055500
IMAX,2018-02-16,22.85,23.450001,22.299999,22.6,22.6,1395200
IMAX,2018-02-20,23.35,23.65,22.950001,23.25,23.25,1407800
IMAX,2018-02-21,23.25,23.65,22.9,22.950001,22.950001,624800
IMAX,2018-02-22,23.1,23.25,22.5,23.049999,23.049999,869600
IMAX,2018-02-23,23.200001,23.35,22.9,23.200001,23.200001,668600
IMAX,2018-02-26,23.35,23.780001,23.200001,23.65,23.65,647800
IMAX,2018-02-27,23.65,23.799999,23.0,23.25,23.25,744400
IMAX,2018-02-28,23.75,24.0,20.4,21.1,21.1,3230600
IMAX,2018-03-01,21.15,21.549999,19.68,20.0,20.0,2030900
IMAX,2018-03-02,19.85,21.25,19.85,20.950001,20.950001,2353400
IMAX,2018-03-05,20.75,20.950001,20.25,20.6,20.6,843600
IMAX,2018-03-06,20.700001,20.9,20.15,20.700001,20.700001,840400
IMAX,2018-03-07,20.6,21.0,20.299999,20.85,20.85,643500
IMAX,2018-03-08,20.950001,20.98,20.25,20.35,20.35,585000
IMAX,2018-03-09,20.35,20.799999,20.200001,20.65,20.65,672900
IMAX,2018-03-12,20.75,21.15,20.5,20.9,20.9,902300
IMAX,2018-03-13,21.049999,21.25,20.6,20.65,20.65,574200
IMAX,2018-03-14,20.75,21.379999,20.549999,21.15,21.15,1215200
IMAX,2018-03-15,21.049999,21.33,21.0,21.15,21.15,623100
IMAX,2018-03-16,21.049999,21.08,20.65,20.75,20.75,975200
IMAX,2018-03-19,20.6,20.700001,19.700001,20.15,20.15,1062700
IMAX,2018-03-20,20.200001,20.200001,19.6,20.0,20.0,784200
IMAX,2018-03-21,20.0,20.4,19.85,19.9,19.9,375000
IMAX,2018-03-22,19.75,19.9,19.15,19.25,19.25,988000
IMAX,2018-03-23,19.299999,19.5,19.0,19.0,19.0,1207600
IMAX,2018-03-26,19.4,19.6,19.15,19.450001,19.450001,483100
IMAX,2018-03-27,19.700001,20.5,19.65,19.75,19.75,890500
IMAX,2018-03-28,19.75,20.0,19.299999,19.549999,19.549999,571000
IMAX,2018-03-29,19.700001,19.9,19.02,19.200001,19.200001,1302700
IMAX,2018-04-02,19.049999,20.0,19.049999,19.75,19.75,913900
IMAX,2018-04-03,20.049999,21.6,20.0,21.299999,21.299999,1430200
IMAX,2018-04-04,20.9,21.6,20.6,21.6,21.6,815100
IMAX,2018-04-05,21.65,22.1,21.549999,21.9,21.9,611700
IMAX,2018-04-06,21.950001,22.5,21.799999,22.1,22.1,697200
IMAX,2018-04-09,22.15,22.15,21.25,21.4,21.4,555100
IMAX,2018-04-10,21.65,21.75,21.0,21.5,21.5,782900
IMAX,2018-04-11,21.4,21.9,21.4,21.700001,21.700001,570800
IMAX,2018-04-12,21.700001,21.700001,21.299999,21.6,21.6,325700
IMAX,2018-04-13,21.799999,22.0,21.65,21.9,21.9,408100
IMAX,2018-04-16,22.049999,22.65,21.799999,22.299999,22.299999,521000
IMAX,2018-04-17,22.5,22.75,21.98,22.200001,22.200001,498700
IMAX,2018-04-18,22.1,22.549999,22.049999,22.5,22.5,365200
IMAX,2018-04-19,22.6,23.200001,21.92,22.299999,22.299999,627900
IMAX,2018-04-20,22.299999,22.75,22.15,22.6,22.6,279800
IMAX,2018-04-23,22.549999,23.200001,22.549999,22.85,22.85,303700
IMAX,2018-04-24,23.049999,23.190001,22.65,22.950001,22.950001,305400
IMAX,2018-04-25,22.950001,23.629999,22.700001,23.6,23.6,746200
IMAX,2018-04-26,23.299999,23.299999,22.780001,23.200001,23.200001,805400
IMAX,2018-04-27,23.9,24.049999,22.85,23.1,23.1,863800
IMAX,2018-04-30,23.1,23.65,22.85,23.200001,23.200001,1393900
IMAX,2018-05-01,24.0,24.0,21.25,21.6,21.6,1503800
IMAX,2018-05-02,21.950001,22.85,21.5,22.6,22.6,1221900
IMAX,2018-05-03,22.700001,23.0,22.6,22.799999,22.799999,755500
IMAX,2018-05-04,22.6,23.15,22.549999,22.75,22.75,592600
IMAX,2018-05-07,22.950001,23.799999,22.950001,23.75,23.75,652100
IMAX,2018-05-08,23.549999,23.93,23.530001,23.6,23.6,702400
IMAX,2018-05-09,23.549999,23.6,23.0,23.25,23.25,616800
IMAX,2018-05-10,23.25,24.030001,23.25,23.799999,23.799999,424700
IMAX,2018-05-11,23.799999,24.049999,23.4,23.75,23.75,743400
IMAX,2018-05-14,23.799999,23.950001,23.5,23.6,23.6,394500
IMAX,2018-05-15,23.5,24.1,23.4,23.85,23.85,474200
IMAX,2018-05-16,23.9,24.379999,23.799999,24.200001,24.200001,371100
IMAX,2018-05-17,24.299999,24.299999,23.68,23.85,23.85,343400
IMAX,2018-05-18,23.9,23.9,22.85,22.85,22.85,667300
IMAX,2018-05-21,23.049999,23.15,22.549999,22.950001,22.950001,716300
IMAX,2018-05-22,22.950001,23.1,22.450001,22.5,22.5,731000
IMAX,2018-05-23,22.450001,22.73,22.0,22.0,22.0,541700
IMAX,2018-05-24,21.950001,22.030001,21.48,21.799999,21.799999,672600
IMAX,2018-05-25,21.85,21.879999,21.35,21.5,21.5,671600
IMAX,2018-05-29,21.299999,21.450001,20.85,21.0,21.0,1154800
IMAX,2018-05-30,21.200001,21.299999,20.85,21.049999,21.049999,947100
IMAX,2018-05-31,21.1,21.450001,20.75,20.9,20.9,1029100
IMAX,2018-06-01,20.950001,21.200001,20.65,20.9,20.9,641600
IMAX,2018-06-04,21.049999,21.200001,20.35,20.6,20.6,620100
IMAX,2018-06-05,20.6,21.25,20.5,21.200001,21.200001,760500
IMAX,2018-06-06,21.200001,21.75,20.700001,21.6,21.6,706800
IMAX,2018-06-07,21.5,21.75,20.85,21.200001,21.200001,778500
IMAX,2018-06-08,21.1,21.450001,20.65,21.25,21.25,510300
IMAX,2018-06-11,21.15,21.950001,21.15,21.65,21.65,253200
IMAX,2018-06-12,21.6,21.799999,21.1,21.700001,21.700001,564500
IMAX,2018-06-13,21.799999,22.0,21.6,21.9,21.9,337500
IMAX,2018-06-14,21.9,22.0,21.700001,22.0,22.0,261700
IMAX,2018-06-15,21.9,21.950001,21.6,21.85,21.85,578200
IMAX,2018-06-18,21.700001,22.5,21.700001,22.35,22.35,280800
IMAX,2018-06-19,22.1,22.299999,21.6,22.15,22.15,319900
IMAX,2018-06-20,22.299999,23.0,22.299999,22.75,22.75,455700
IMAX,2018-06-21,22.85,23.6,22.65,23.0,23.0,448200
IMAX,2018-06-22,23.049999,23.1,22.43,22.6,22.6,2449800
IMAX,2018-06-25,22.65,22.85,22.35,22.700001,22.700001,571600
IMAX,2018-06-26,22.700001,22.799999,22.33,22.5,22.5,439000
IMAX,2018-06-27,22.4,22.85,22.200001,22.25,22.25,732800
IMAX,2018-06-28,22.25,22.549999,22.200001,22.200001,22.200001,321600
IMAX,2018-06-29,22.35,22.4,21.9,22.15,22.15,292200
IMAX,2018-07-02,22.0,22.0,21.25,21.450001,21.450001,445100
IMAX,2018-07-03,21.450001,21.700001,21.1,21.6,21.6,280900
IMAX,2018-07-05,21.799999,22.780001,21.799999,22.65,22.65,691400
IMAX,2018-07-06,22.6,23.1,22.5,22.9,22.9,411700
IMAX,2018-07-09,22.950001,23.049999,22.75,22.799999,22.799999,354300
IMAX,2018-07-10,22.85,23.049999,22.549999,22.950001,22.950001,442600
IMAX,2018-07-11,22.799999,23.129999,22.549999,23.049999,23.049999,585500
IMAX,2018-07-12,23.15,23.9,23.0,23.75,23.75,502300
IMAX,2018-07-13,23.950001,24.0,23.549999,23.799999,23.799999,494400
IMAX,2018-07-16,23.85,23.950001,23.200001,23.549999,23.549999,734200
IMAX,2018-07-17,23.5,23.85,23.43,23.6,23.6,520600
IMAX,2018-07-18,23.450001,23.549999,22.299999,22.85,22.85,1087900
IMAX,2018-07-19,22.75,22.9,22.4,22.9,22.9,674200
IMAX,2018-07-20,22.9,23.1,22.65,22.65,22.65,533800
IMAX,2018-07-23,22.549999,22.85,22.16,22.65,22.65,1027400
IMAX,2018-07-24,22.85,22.93,22.379999,22.549999,22.549999,807000
IMAX,2018-07-25,22.549999,23.35,22.450001,23.049999,23.049999,942400
IMAX,2018-07-26,21.85,23.200001,21.4,22.200001,22.200001,2513400
IMAX,2018-07-27,22.25,22.25,21.65,21.75,21.75,657900
IMAX,2018-07-30,21.65,21.75,21.049999,21.25,21.25,1226800
IMAX,2018-07-31,21.25,22.35,21.129999,22.1,22.1,609700
IMAX,2018-08-01,22.1,22.299999,21.549999,21.9,21.9,553700
IMAX,2018-08-02,21.75,22.4,21.700001,22.299999,22.299999,581000
IMAX,2018-08-03,21.75,22.65,21.75,22.450001,22.450001,530900
IMAX,2018-08-06,22.4,22.799999,22.4,22.6,22.6,298000
IMAX,2018-08-07,22.700001,22.85,22.549999,22.799999,22.799999,454300
IMAX,2018-08-08,22.700001,22.85,22.450001,22.6,22.6,277700
IMAX,2018-08-09,22.65,23.0,22.4,22.450001,22.450001,600700
IMAX,2018-08-10,22.25,22.950001,22.1,22.75,22.75,310200
IMAX,2018-08-13,22.799999,23.15,22.73,22.75,22.75,293000
IMAX,2018-08-14,22.85,23.4,22.85,23.299999,23.299999,575700
IMAX,2018-08-15,23.299999,23.6,22.75,23.1,23.1,1149900
IMAX,2018-08-16,23.1,23.1,22.25,22.75,22.75,1524600
IMAX,2018-08-17,22.75,22.75,22.1,22.4,22.4,622500
IMAX,2018-08-20,22.5,23.299999,22.299999,23.15,23.15,1310500
IMAX,2018-08-21,23.25,24.0,22.85,23.5,23.5,806000
IMAX,2018-08-22,23.5,24.0,23.450001,23.85,23.85,427700
IMAX,2018-08-23,23.85,24.450001,23.700001,24.35,24.35,603800
IMAX,2018-08-24,24.4,25.25,24.299999,24.5,24.5,819500
IMAX,2018-08-27,24.65,24.700001,24.15,24.4,24.4,444800
IMAX,2018-08-28,24.5,24.5,24.25,24.4,24.4,373600
IMAX,2018-08-29,24.450001,24.450001,23.799999,24.0,24.0,283200
IMAX,2018-08-30,23.9,23.9,23.450001,23.65,23.65,287600
IMAX,2018-08-31,23.6,23.700001,23.4,23.5,23.5,300100
IMAX,2018-09-04,23.35,24.15,23.25,24.0,24.0,523400
IMAX,2018-09-05,24.049999,24.15,23.75,23.9,23.9,294600
IMAX,2018-09-06,23.85,24.299999,23.799999,24.049999,24.049999,282000
IMAX,2018-09-07,24.1,24.450001,23.799999,24.0,24.0,483800
IMAX,2018-09-10,24.1,24.25,23.85,24.200001,24.200001,254100
IMAX,2018-09-11,24.200001,24.6,24.0,24.5,24.5,532200
IMAX,2018-09-12,24.450001,25.1,24.35,25.049999,25.049999,523300
IMAX,2018-09-13,25.1,25.25,24.83,25.1,25.1,459100
IMAX,2018-09-14,25.200001,25.5,25.0,25.15,25.15,428000
IMAX,2018-09-17,25.25,25.43,24.700001,25.1,25.1,1238900
IMAX,2018-09-18,25.049999,25.299999,25.0,25.049999,25.049999,431700
IMAX,2018-09-19,25.0,25.35,24.9,25.299999,25.299999,368700
IMAX,2018-09-20,25.35,25.42,24.959999,25.25,25.25,279500
IMAX,2018-09-21,25.200001,25.200001,24.75,24.9,24.9,752700
IMAX,2018-09-24,24.65,25.299999,24.35,25.15,25.15,856900
IMAX,2018-09-25,25.200001,25.629999,25.16,25.549999,25.549999,572900
IMAX,2018-09-26,25.549999,26.1,25.530001,25.85,25.85,427100
IMAX,2018-09-27,25.85,26.1,25.75,25.9,25.9,249600
IMAX,2018-09-28,25.85,26.049999,25.73,25.799999,25.799999,447800
IMAX,2018-10-01,25.93,25.93,25.01,25.049999,25.049999,540500
IMAX,2018-10-02,24.959999,25.15,24.66,25.0,25.0,389000
IMAX,2018-10-03,25.030001,25.219999,24.75,24.860001,24.860001,674900
IMAX,2018-10-04,24.73,24.75,24.24,24.42,24.42,741000
IMAX,2018-10-05,24.34,25.0,24.34,24.48,24.48,520400
IMAX,2018-10-08,24.5,24.98,24.08,24.870001,24.870001,616200
IMAX,2018-10-09,24.76,25.030001,24.33,24.34,24.34,306000
IMAX,2018-10-10,24.51,24.73,23.940001,23.99,23.99,437600
IMAX,2018-10-11,23.9,24.0,22.870001,22.9,22.9,570000
IMAX,2018-10-12,23.08,23.200001,22.59,23.02,23.02,756000
IMAX,2018-10-15,22.9,23.01,22.5,22.93,22.93,550400
IMAX,2018-10-16,22.98,23.57,22.790001,23.549999,23.549999,747500
IMAX,2018-10-17,23.51,23.51,22.84,23.02,23.02,725600
IMAX,2018-10-18,22.92,23.110001,22.440001,22.57,22.57,479800
IMAX,2018-10-19,22.629999,23.02,22.4,22.450001,22.450001,382200
IMAX,2018-10-22,22.450001,22.85,22.4,22.709999,22.709999,891200
IMAX,2018-10-23,22.379999,22.610001,22.01,22.24,22.24,549100
IMAX,2018-10-24,22.190001,22.370001,20.99,21.02,21.02,662800
IMAX,2018-10-25,21.48,21.82,19.610001,19.709999,19.709999,1619900
IMAX,2018-10-26,19.25,20.17,18.85,20.0,20.0,1541100
IMAX,2018-10-29,20.290001,20.82,19.9,20.17,20.17,1452800
IMAX,2018-10-30,20.139999,20.299999,19.450001,19.809999,19.809999,777100
IMAX,2018-10-31,20.01,20.049999,19.030001,19.360001,19.360001,902700
IMAX,2018-11-01,19.49,20.25,19.4,20.17,20.17,1019500
IMAX,2018-11-02,20.23,20.43,19.49,19.77,19.77,607500
IMAX,2018-11-05,19.709999,20.049999,19.6,19.950001,19.950001,578700
IMAX,2018-11-06,19.870001,20.02,19.860001,19.950001,19.950001,656300
IMAX,2018-11-07,20.0,20.15,19.610001,20.129999,20.129999,867000
IMAX,2018-11-08,20.02,20.25,19.83,19.99,19.99,547200
IMAX,2018-11-09,19.799999,19.93,18.860001,19.18,19.18,860600
IMAX,2018-11-12,19.129999,19.620001,19.059999,19.5,19.5,727700
IMAX,2018-11-13,19.59,19.780001,19.379999,19.59,19.59,390900
IMAX,2018-11-14,19.68,20.209999,19.68,19.92,19.92,615500
IMAX,2018-11-15,19.809999,20.049999,19.52,19.629999,19.629999,531800
IMAX,2018-11-16,19.540001,19.67,19.299999,19.52,19.52,671800
IMAX,2018-11-19,19.48,19.530001,19.030001,19.139999,19.139999,1048300
IMAX,2018-11-20,19.1,19.139999,18.139999,18.17,18.17,960600
IMAX,2018-11-21,18.35,19.110001,18.18,18.98,18.98,796200
IMAX,2018-11-23,18.9,19.15,18.59,18.889999,18.889999,287300
IMAX,2018-11-26,19.02,19.139999,18.65,19.049999,19.049999,683500
IMAX,2018-11-27,18.959999,19.18,18.639999,19.129999,19.129999,600900
IMAX,2018-11-28,19.299999,19.59,19.02,19.58,19.58,754300
IMAX,2018-11-29,19.450001,19.540001,18.99,19.030001,19.030001,279300
IMAX,2018-11-30,18.809999,18.93,18.129999,18.559999,18.559999,768400
IMAX,2018-12-03,18.559999,19.059999,18.26,18.690001,18.690001,623400
IMAX,2018-12-04,18.68,19.1,18.450001,18.51,18.51,513500
IMAX,2018-12-06,18.280001,18.74,18.18,18.709999,18.709999,833100
IMAX,2018-12-07,18.690001,19.08,18.51,18.530001,18.530001,564100
IMAX,2018-12-10,18.5,18.690001,18.01,18.440001,18.440001,508800
IMAX,2018-12-11,18.719999,19.35,18.59,19.1,19.1,672400
IMAX,2018-12-12,19.309999,19.91,19.25,19.540001,19.540001,652500
IMAX,2018-12-13,19.559999,19.6,19.17,19.370001,19.370001,365400
IMAX,2018-12-14,19.209999,19.780001,19.209999,19.48,19.48,383100
IMAX,2018-12-17,19.41,19.73,19.1,19.120001,19.120001,547700
IMAX,2018-12-18,19.219999,19.43,18.870001,19.0,19.0,503100
IMAX,2018-12-19,18.950001,19.049999,18.469999,18.74,18.74,501200
IMAX,2018-12-20,18.620001,18.83,18.07,18.190001,18.190001,456700
IMAX,2018-12-21,18.15,18.4,17.799999,17.860001,17.860001,728700
IMAX,2018-12-24,17.799999,17.98,17.700001,17.780001,17.780001,249700
IMAX,2018-12-26,17.879999,18.540001,17.549999,18.49,18.49,570500
IMAX,2018-12-27,18.290001,18.42,17.790001,18.370001,18.370001,554200
IMAX,2018-12-28,18.4,18.85,18.09,18.540001,18.540001,392200
IMAX,2018-12-31,18.690001,18.959999,18.26,18.809999,18.809999,380600
IMAX,2019-01-02,18.530001,19.0,18.42,18.75,18.75,568200
IMAX,2019-01-03,18.709999,19.059999,18.459999,18.58,18.58,481300
IMAX,2019-01-04,18.83,19.52,18.809999,19.309999,19.309999,303300
IMAX,2019-01-07,19.58,19.93,19.309999,19.66,19.66,891300
IMAX,2019-01-08,19.83,20.459999,19.709999,20.0,20.0,997500
IMAX,2019-01-09,20.059999,20.18,19.48,19.5,19.5,311200
IMAX,2019-01-10,19.4,19.780001,19.309999,19.5,19.5,302200
IMAX,2019-01-11,19.35,19.620001,19.27,19.48,19.48,286500
IMAX,2019-01-14,19.360001,19.700001,19.26,19.559999,19.559999,283100
IMAX,2019-01-15,19.629999,19.75,19.42,19.52,19.52,197400
IMAX,2019-01-16,19.49,19.959999,19.4,19.620001,19.620001,216600
IMAX,2019-01-17,19.4,19.84,19.4,19.82,19.82,312600
IMAX,2019-01-18,19.879999,20.73,19.879999,20.4,20.4,502200
IMAX,2019-01-22,20.219999,20.57,19.6,19.92,19.92,499200
IMAX,2019-01-23,20.01,20.389999,20.01,20.35,20.35,256100
IMAX,2019-01-24,20.299999,20.91,20.290001,20.799999,20.799999,217100
IMAX,2019-01-25,20.73,21.120001,20.629999,21.0,21.0,290500
IMAX,2019-01-28,20.85,21.24,20.620001,21.08,21.08,292900
IMAX,2019-01-29,21.040001,21.41,20.879999,21.02,21.02,290600
IMAX,2019-01-30,21.0,21.040001,20.67,20.84,20.84,260100
IMAX,2019-01-31,20.9,21.1,20.77,20.77,20.77,454200
IMAX,2019-02-01,20.76,20.879999,20.32,20.34,20.34,361900
IMAX,2019-02-04,20.34,20.91,20.190001,20.620001,20.620001,235200
IMAX,2019-02-05,20.620001,20.950001,20.6,20.870001,20.870001,267800
IMAX,2019-02-06,20.85,21.0,20.59,20.610001,20.610001,175800
IMAX,2019-02-07,20.450001,20.67,20.1,20.66,20.66,282600
IMAX,2019-02-08,20.530001,21.01,20.52,20.969999,20.969999,208500
IMAX,2019-02-11,21.110001,21.24,20.379999,20.49,20.49,587600
IMAX,2019-02-12,20.709999,20.959999,20.610001,20.76,20.76,253500
IMAX,2019-02-13,20.73,21.129999,20.59,21.059999,21.059999,209800
IMAX,2019-02-14,20.93,21.42,20.9,21.360001,21.360001,299200
IMAX,2019-02-15,21.6,22.110001,21.09,21.219999,21.219999,774700
IMAX,2019-02-19,21.15,21.379999,20.92,20.950001,20.950001,270600
IMAX,2019-02-20,21.42,21.9,21.1,21.49,21.49,424900
IMAX,2019-02-21,21.379999,21.6,21.15,21.379999,21.379999,275900
IMAX,2019-02-22,21.559999,21.870001,21.459999,21.719999,21.719999,412600
IMAX,2019-02-25,21.59,21.59,20.73,20.780001,20.780001,515500
IMAX,2019-02-26,20.65,21.0,20.52,20.84,20.84,502300
IMAX,2019-02-27,21.15,23.75,21.15,22.66,22.66,967400
IMAX,2019-02-28,22.76,23.1,22.440001,22.91,22.91,773200
IMAX,2019-03-01,23.040001,23.4,22.879999,22.969999,22.969999,485700
IMAX,2019-03-04,23.0,23.049999,22.5,22.75,22.75,461700
IMAX,2019-03-05,22.77,23.389999,22.76,23.219999,23.219999,506000
IMAX,2019-03-06,23.24,23.5,22.799999,22.950001,22.950001,342300
IMAX,2019-03-07,22.92,22.92,22.43,22.49,22.49,408900
IMAX,2019-03-08,22.33,22.84,22.02,22.83,22.83,468400
IMAX,2019-03-11,22.950001,23.469999,22.950001,23.360001,23.360001,585600
IMAX,2019-03-12,23.35,23.48,23.16,23.35,23.35,251000
IMAX,2019-03-13,23.639999,23.82,23.4,23.4,23.4,192200
IMAX,2019-03-14,23.43,23.65,23.25,23.360001,23.360001,143300
IMAX,2019-03-15,23.450001,23.629999,23.1,23.129999,23.129999,452600
IMAX,2019-03-18,23.17,23.33,22.879999,23.110001,23.110001,212000
IMAX,2019-03-19,23.17,23.360001,22.780001,22.889999,22.889999,209800
IMAX,2019-03-20,22.799999,23.23,22.690001,22.84,22.84,177100
IMAX,2019-03-21,22.799999,23.4,22.639999,22.950001,22.950001,173000
IMAX,2019-03-22,22.809999,23.049999,22.559999,22.57,22.57,233100
IMAX,2019-03-25,22.67,22.99,22.459999,22.83,22.83,173400
IMAX,2019-03-26,22.879999,23.129999,22.74,22.77,22.77,270400
IMAX,2019-03-27,22.709999,22.940001,22.51,22.610001,22.610001,277500
IMAX,2019-03-28,22.67,22.860001,22.48,22.67,22.67,368100
IMAX,2019-03-29,22.83,22.9,22.440001,22.68,22.68,459600
IMAX,2019-04-01,22.82,23.0,22.530001,22.68,22.68,284300
IMAX,2019-04-02,22.709999,22.74,21.77,22.030001,22.030001,576800
IMAX,2019-04-03,22.23,22.620001,22.139999,22.440001,22.440001,409100
IMAX,2019-04-04,22.49,23.059999,22.299999,23.059999,23.059999,506100
IMAX,2019-04-05,23.16,23.559999,23.09,23.5,23.5,362500
IMAX,2019-04-08,23.5,23.98,23.35,23.620001,23.620001,282400
IMAX,2019-04-09,23.52,23.76,23.459999,23.52,23.52,138600
IMAX,2019-04-10,23.549999,23.959999,23.52,23.950001,23.950001,172400
IMAX,2019-04-11,23.889999,24.24,23.83,24.200001,24.200001,372800
IMAX,2019-04-12,24.35,25.0,24.33,24.9,24.9,306200
IMAX,2019-04-15,24.940001,25.0,24.59,24.889999,24.889999,339000
IMAX,2019-04-16,24.889999,25.389999,24.82,25.27,25.27,395500
IMAX,2019-04-17,25.360001,25.450001,25.040001,25.41,25.41,242000
IMAX,2019-04-18,25.309999,25.5,25.17,25.33,25.33,239800
IMAX,2019-04-22,25.299999,25.299999,24.700001,25.09,25.09,454100
IMAX,2019-04-23,25.17,25.49,24.83,24.85,24.85,578400
IMAX,2019-04-24,24.84,25.129999,24.26,25.030001,25.030001,836600
IMAX,2019-04-25,24.98,25.15,24.68,25.040001,25.040001,500700
IMAX,2019-04-26,24.700001,24.959999,23.639999,24.43,24.43,1020000
IMAX,2019-04-29,25.15,25.51,24.049999,24.200001,24.200001,1225900
IMAX,2019-04-30,24.309999,24.610001,24.200001,24.379999,24.379999,571500
IMAX,2019-05-01,24.43,24.66,24.209999,24.42,24.42,608500
IMAX,2019-05-02,24.5,25.75,24.4,25.4,25.4,850700
IMAX,2019-05-03,25.389999,25.540001,24.809999,24.84,24.84,448900
IMAX,2019-05-06,24.57,24.9,24.41,24.74,24.74,324800
IMAX,2019-05-07,24.549999,24.9,24.110001,24.18,24.18,472300
IMAX,2019-05-08,24.18,24.18,23.49,23.540001,23.540001,418700
IMAX,2019-05-09,23.219999,23.450001,22.870001,23.33,23.33,368400
IMAX,2019-05-10,23.209999,23.790001,23.1,23.780001,23.780001,364600
IMAX,2019-05-13,23.43,23.530001,22.76,23.08,23.08,510100
IMAX,2019-05-14,23.1,23.68,23.01,23.51,23.51,438200
IMAX,2019-05-15,23.360001,23.709999,23.280001,23.59,23.59,227200
IMAX,2019-05-16,23.709999,23.809999,23.370001,23.459999,23.459999,452500
IMAX,2019-05-17,23.299999,23.42,22.940001,23.24,23.24,367700
IMAX,2019-05-20,23.17,23.26,22.9,23.120001,23.120001,371600
IMAX,2019-05-21,23.209999,23.530001,23.09,23.35,23.35,349300
IMAX,2019-05-22,23.23,23.530001,23.15,23.18,23.18,274100
IMAX,2019-05-23,23.0,23.0,22.030001,22.219999,22.219999,337200
IMAX,2019-05-24,22.26,22.379999,21.790001,22.1,22.1,263800
IMAX,2019-05-28,22.23,22.559999,22.1,22.309999,22.309999,485800
IMAX,2019-05-29,22.110001,22.6,21.9,22.01,22.01,583700
IMAX,2019-05-30,22.02,22.620001,21.969999,22.33,22.33,345500
IMAX,2019-05-31,22.08,22.299999,21.690001,21.76,21.76,248300
IMAX,2019-06-03,21.719999,21.98,21.110001,21.27,21.27,597400
IMAX,2019-06-04,21.379999,21.51,21.07,21.33,21.33,415800
IMAX,2019-06-05,21.33,21.360001,20.620001,20.639999,20.639999,319500
IMAX,2019-06-06,20.6,20.700001,20.09,20.299999,20.299999,286600
IMAX,2019-06-07,20.23,20.549999,20.120001,20.23,20.23,582000
IMAX,2019-06-10,20.33,20.33,19.68,19.84,19.84,629200
IMAX,2019-06-11,19.99,20.129999,19.809999,19.92,19.92,335500
IMAX,2019-06-12,19.91,20.02,19.389999,19.559999,19.559999,403900
IMAX,2019-06-13,19.620001,20.0,19.6,19.809999,19.809999,1339700
IMAX,2019-06-14,19.84,20.0,19.43,19.959999,19.959999,519000
IMAX,2019-06-17,19.940001,20.389999,19.91,20.139999,20.139999,235400
IMAX,2019-06-18,20.209999,20.65,20.049999,20.129999,20.129999,347600
IMAX,2019-06-19,20.15,20.629999,20.040001,20.42,20.42,304400
IMAX,2019-06-20,20.549999,20.77,19.76,19.91,19.91,250100
IMAX,2019-06-21,19.790001,20.01,19.57,19.83,19.83,440000
IMAX,2019-06-24,19.700001,19.780001,19.360001,19.360001,19.360001,256200
IMAX,2019-06-25,19.33,19.4,19.01,19.030001,19.030001,367500
IMAX,2019-06-26,19.040001,19.23,18.950001,18.959999,18.959999,473900
IMAX,2019-06-27,18.940001,19.209999,18.940001,19.200001,19.200001,425700
IMAX,2019-06-28,19.25,20.24,19.219999,20.200001,20.200001,791300
IMAX,2019-07-01,20.5,20.540001,20.16,20.290001,20.290001,488200
IMAX,2019-07-02,20.290001,20.4,20.16,20.370001,20.370001,411500
IMAX,2019-07-03,20.440001,20.48,20.290001,20.370001,20.370001,171700
IMAX,2019-07-05,20.32,20.469999,20.18,20.440001,20.440001,240200
IMAX,2019-07-08,20.34,20.34,19.82,20.059999,20.059999,451500
IMAX,2019-07-09,20.01,20.360001,19.99,20.23,20.23,371800
IMAX,2019-07-10,20.33,20.450001,20.120001,20.32,20.32,336100
IMAX,2019-07-11,20.379999,20.389999,20.110001,20.209999,20.209999,177600
IMAX,2019-07-12,20.1,20.450001,19.92,20.42,20.42,261000
IMAX,2019-07-15,20.309999,20.559999,19.940001,20.49,20.49,326000
IMAX,2019-07-16,20.41,20.870001,20.200001,20.76,20.76,513800
IMAX,2019-07-17,20.73,20.74,20.049999,20.24,20.24,335500
IMAX,2019-07-18,20.18,20.370001,19.84,19.940001,19.940001,353300
IMAX,2019-07-19,19.99,20.65,19.99,20.370001,20.370001,340400
IMAX,2019-07-22,20.4,20.549999,20.01,20.32,20.32,382500
IMAX,2019-07-23,20.360001,20.66,20.26,20.5,20.5,334100
IMAX,2019-07-24,20.42,21.059999,20.42,20.889999,20.889999,274200
IMAX,2019-07-25,20.860001,21.15,20.76,21.059999,21.059999,322000
IMAX,2019-07-26,21.1,21.57,21.08,21.450001,21.450001,404600
IMAX,2019-07-29,21.459999,21.59,21.1,21.5,21.5,384900
IMAX,2019-07-30,21.379999,21.73,21.17,21.32,21.32,514400
IMAX,2019-07-31,22.08,22.110001,21.41,21.950001,21.950001,988600
IMAX,2019-08-01,21.940001,22.030001,21.309999,21.379999,21.379999,644600
IMAX,2019-08-02,21.299999,21.530001,20.889999,21.5,21.5,477400
IMAX,2019-08-05,21.139999,21.139999,20.6,20.809999,20.809999,357100
IMAX,2019-08-06,20.889999,21.07,20.51,21.049999,21.049999,313500
IMAX,2019-08-07,20.799999,21.15,20.74,21.02,21.02,265900
IMAX,2019-08-08,21.200001,21.6,21.16,21.5,21.5,233500
IMAX,2019-08-09,21.35,21.610001,21.110001,21.48,21.48,193300
IMAX,2019-08-12,21.34,21.6,21.02,21.09,21.09,145200
IMAX,2019-08-13,20.950001,21.51,20.950001,21.370001,21.370001,172600
IMAX,2019-08-14,21.059999,21.059999,20.5,20.549999,20.549999,285400
IMAX,2019-08-15,20.57,20.780001,20.459999,20.530001,20.530001,212800
IMAX,2019-08-16,20.75,21.4,20.459999,21.120001,21.120001,460900
IMAX,2019-08-19,21.379999,21.48,21.09,21.139999,21.139999,277100
IMAX,2019-08-20,21.059999,21.209999,20.83,21.1,21.1,191900
IMAX,2019-08-21,21.24,21.440001,21.040001,21.219999,21.219999,204800
IMAX,2019-08-22,21.26,21.620001,21.01,21.52,21.52,287700
IMAX,2019-08-23,21.389999,21.610001,20.860001,20.91,20.91,229300
IMAX,2019-08-26,21.120001,21.18,20.719999,20.799999,20.799999,200900
IMAX,2019-08-27,20.99,20.99,20.23,20.370001,20.370001,278700
IMAX,2019-08-28,20.309999,20.82,20.26,20.780001,20.780001,165400
IMAX,2019-08-29,20.93,21.32,20.93,21.08,21.08,139800
IMAX,2019-08-30,21.190001,21.190001,20.799999,20.92,20.92,214900
IMAX,2019-09-03,20.82,20.860001,20.57,20.77,20.77,192600
IMAX,2019-09-04,20.969999,21.200001,20.84,21.15,21.15,201700
IMAX,2019-09-05,21.35,21.889999,21.27,21.85,21.85,202000
IMAX,2019-09-06,21.91,22.120001,21.65,21.959999,21.959999,228900
IMAX,2019-09-09,22.059999,22.42,21.870001,22.139999,22.139999,181500
IMAX,2019-09-10,22.07,22.379999,21.860001,22.209999,22.209999,201100
IMAX,2019-09-11,22.299999,22.879999,22.07,22.84,22.84,261900
IMAX,2019-09-12,22.799999,22.799999,21.940001,22.1,22.1,289700
IMAX,2019-09-13,22.27,22.77,22.139999,22.690001,22.690001,194400
IMAX,2019-09-16,22.51,22.809999,22.48,22.77,22.77,162800
IMAX,2019-09-17,22.67,22.77,22.27,22.51,22.51,216700
IMAX,2019-09-18,22.51,22.700001,22.25,22.43,22.43,143100
IMAX,2019-09-19,22.42,22.42,21.73,21.74,21.74,204900
IMAX,2019-09-20,21.620001,21.969999,21.42,21.85,21.85,535400
IMAX,2019-09-23,21.77,22.219999,21.77,21.879999,21.879999,318000
IMAX,2019-09-24,21.92,22.17,21.82,22.049999,22.049999,302100
IMAX,2019-09-25,22.059999,22.379999,22.030001,22.27,22.27,408100
IMAX,2019-09-26,22.24,22.5,22.08,22.309999,22.309999,341600
IMAX,2019-09-27,22.309999,22.4,21.459999,21.77,21.77,418300
IMAX,2019-09-30,21.84,22.16,21.530001,21.950001,21.950001,233500
IMAX,2019-10-01,22.01,22.43,21.68,21.690001,21.690001,215600
IMAX,2019-10-02,21.559999,21.790001,21.139999,21.75,21.75,277500
IMAX,2019-10-03,21.700001,21.9,21.48,21.6,21.6,280900
IMAX,2019-10-04,21.74,21.790001,20.85,21.389999,21.389999,272600
IMAX,2019-10-07,21.24,21.299999,20.83,21.07,21.07,372000
IMAX,2019-10-08,20.85,21.08,20.700001,20.870001,20.870001,173700
IMAX,2019-10-09,21.17,21.24,20.639999,20.799999,20.799999,185600
IMAX,2019-10-10,20.91,21.030001,20.440001,20.58,20.58,208400
IMAX,2019-10-11,20.9,21.18,20.73,20.879999,20.879999,254700
IMAX,2019-10-14,20.83,20.83,20.48,20.68,20.68,183400
IMAX,2019-10-15,20.65,20.719999,20.440001,20.549999,20.549999,231800
IMAX,2019-10-16,20.459999,20.959999,20.41,20.459999,20.459999,335700
IMAX,2019-10-17,20.68,21.24,20.52,21.08,21.08,276900
IMAX,2019-10-18,20.92,21.4,20.92,21.110001,21.110001,286200
IMAX,2019-10-21,21.15,21.299999,20.77,20.84,20.84,244200
IMAX,2019-10-22,21.059999,21.76,20.969999,21.450001,21.450001,202700
IMAX,2019-10-23,21.290001,21.639999,21.25,21.4,21.4,212700
IMAX,2019-10-24,21.370001,21.370001,20.690001,20.959999,20.959999,129100
IMAX,2019-10-25,20.83,21.450001,20.83,21.370001,21.370001,168800
IMAX,2019-10-28,21.469999,21.719999,21.43,21.43,21.43,163500
IMAX,2019-10-29,21.389999,21.389999,21.030001,21.290001,21.290001,168900
IMAX,2019-10-30,21.25,21.35,20.66,20.98,20.98,212300
IMAX,2019-10-31,20.68,21.379999,20.68,21.35,21.35,272200
IMAX,2019-11-01,21.879999,22.33,21.51,21.629999,21.629999,330700
IMAX,2019-11-04,21.74,22.059999,21.629999,21.690001,21.690001,249900
IMAX,2019-11-05,21.610001,21.9,21.549999,21.68,21.68,230700
IMAX,2019-11-06,21.700001,21.85,21.48,21.58,21.58,177500
IMAX,2019-11-07,21.879999,22.15,21.610001,21.68,21.68,204300
IMAX,2019-11-08,21.67,21.84,21.15,21.75,21.75,296600
IMAX,2019-11-11,21.700001,22.040001,21.68,21.860001,21.860001,249700
IMAX,2019-11-12,21.860001,21.860001,21.23,21.25,21.25,214900
IMAX,2019-11-13,21.09,21.09,20.709999,21.030001,21.030001,254700
IMAX,2019-11-14,21.0,21.4,20.969999,20.969999,20.969999,132100
IMAX,2019-11-15,21.01,21.08,20.66,21.059999,21.059999,195300
IMAX,2019-11-18,20.93,21.059999,20.73,20.870001,20.870001,175500
IMAX,2019-11-19,21.58,21.85,21.15,21.5,21.5,421300
IMAX,2019-11-20,21.51,21.91,21.5,21.629999,21.629999,316900
IMAX,2019-11-21,21.73,21.77,21.49,21.51,21.51,289900
IMAX,2019-11-22,21.43,21.58,20.549999,21.299999,21.299999,269300
IMAX,2019-11-25,21.4,21.889999,21.389999,21.5,21.5,261600
IMAX,2019-11-26,21.4,21.790001,21.35,21.4,21.4,371500
IMAX,2019-11-27,21.549999,21.92,21.34,21.77,21.77,167200
IMAX,2019-11-29,21.65,21.700001,21.42,21.5,21.5,68700
IMAX,2019-12-02,21.559999,21.67,21.129999,21.32,21.32,289100
IMAX,2019-12-03,21.209999,21.24,20.950001,21.200001,21.200001,158800
IMAX,2019-12-04,21.290001,21.68,21.190001,21.440001,21.440001,219800
IMAX,2019-12-05,21.65,21.719999,21.379999,21.549999,21.549999,172900
IMAX,2019-12-06,21.700001,21.91,21.700001,21.84,21.84,209700
IMAX,2019-12-09,21.799999,21.879999,21.6,21.620001,21.620001,176200
IMAX,2019-12-10,21.6,21.74,21.41,21.49,21.49,160400
IMAX,2019-12-11,21.440001,21.620001,21.25,21.48,21.48,144000
IMAX,2019-12-12,21.360001,21.75,21.360001,21.67,21.67,371800
IMAX,2019-12-13,21.67,21.93,21.530001,21.92,21.92,217000
IMAX,2019-12-16,22.1,22.33,22.0,22.059999,22.059999,215000
IMAX,2019-12-17,22.02,22.35,21.959999,22.290001,22.290001,357400
IMAX,2019-12-18,22.280001,22.35,22.129999,22.16,22.16,254900
IMAX,2019-12-19,22.139999,22.16,21.879999,22.07,22.07,329300
IMAX,2019-12-20,22.209999,22.26,21.85,21.879999,21.879999,425600
IMAX,2019-12-23,21.98,21.98,20.889999,21.059999,21.059999,432700
IMAX,2019-12-24,20.950001,21.18,20.889999,21.139999,21.139999,160100
IMAX,2019-12-26,21.0,21.25,20.030001,21.15,21.15,389800
IMAX,2019-12-27,21.309999,21.309999,20.65,20.780001,20.780001,231800
IMAX,2019-12-30,20.870001,20.879999,20.530001,20.629999,20.629999,265100
IMAX,2019-12-31,20.66,20.84,20.379999,20.43,20.43,251200
IMAX,2020-01-02,20.389999,20.5,20.25,20.5,20.5,776500
IMAX,2020-01-03,20.309999,20.709999,20.200001,20.709999,20.709999,275200
IMAX,2020-01-06,20.530001,20.870001,20.530001,20.82,20.82,264500
IMAX,2020-01-07,20.790001,20.950001,20.610001,20.9,20.9,294500
IMAX,2020-01-08,20.889999,21.0,19.99,20.0,20.0,279700
IMAX,2020-01-09,20.0,20.280001,19.43,19.6,19.6,354600
IMAX,2020-01-10,19.639999,19.74,19.450001,19.629999,19.629999,356800
IMAX,2020-01-13,19.6,19.950001,19.540001,19.92,19.92,205300
IMAX,2020-01-14,19.809999,20.18,19.76,20.17,20.17,340800
IMAX,2020-01-15,20.16,20.5,20.16,20.24,20.24,285500
IMAX,2020-01-16,20.42,20.57,20.33,20.51,20.51,279600
IMAX,2020-01-17,20.65,20.73,20.379999,20.42,20.42,236100
IMAX,2020-01-21,20.190001,20.299999,19.5,19.540001,19.540001,326200
IMAX,2020-01-22,19.52,19.59,18.889999,19.02,19.02,647500
IMAX,2020-01-23,18.67,18.700001,17.92,18.290001,18.290001,1255700
IMAX,2020-01-24,18.25,18.35,17.709999,17.969999,17.969999,699600
IMAX,2020-01-27,17.629999,17.700001,17.049999,17.209999,17.209999,1028200
IMAX,2020-01-28,17.299999,17.719999,17.17,17.540001,17.540001,634800
IMAX,2020-01-29,17.57,17.65,16.950001,17.120001,17.120001,831700
IMAX,2020-01-30,16.959999,17.219999,16.74,17.139999,17.139999,468900
IMAX,2020-01-31,17.07,17.15,16.290001,16.540001,16.540001,995100
IMAX,2020-02-03,16.629999,17.02,16.57,16.82,16.82,1053200
IMAX,2020-02-04,16.99,17.280001,16.790001,16.860001,16.860001,673000
IMAX,2020-02-05,17.1,18.040001,17.08,17.709999,17.709999,874500
IMAX,2020-02-06,17.860001,18.07,17.76,17.99,17.99,746700
IMAX,2020-02-07,17.9,17.93,17.17,17.17,17.17,870600
IMAX,2020-02-10,17.139999,17.48,17.049999,17.15,17.15,845800
IMAX,2020-02-11,17.15,17.370001,16.889999,17.110001,17.110001,989100
IMAX,2020-02-12,17.299999,18.08,17.26,17.77,17.77,855200
IMAX,2020-02-13,17.629999,17.719999,17.48,17.610001,17.610001,395900
IMAX,2020-02-14,17.58,17.9,17.48,17.82,17.82,512000
IMAX,2020-02-18,17.639999,17.85,17.07,17.1,17.1,993500
IMAX,2020-02-19,17.1,17.459999,17.08,17.1,17.1,1497200
IMAX,2020-02-20,17.6,17.82,16.860001,17.200001,17.200001,1812800
IMAX,2020-02-21,17.08,17.219999,16.77,16.9,16.9,737400
IMAX,2020-02-24,16.4,16.68,16.25,16.58,16.58,907700
IMAX,2020-02-25,16.559999,16.59,15.9,15.98,15.98,1031600
IMAX,2020-02-26,15.84,16.139999,15.22,15.47,15.47,1060800
IMAX,2020-02-27,14.98,16.07,14.8,15.34,15.34,1707500
IMAX,2020-02-28,14.91,16.07,14.85,15.58,15.58,1425600
IMAX,2020-03-02,15.69,15.9,15.28,15.5,15.5,1672700
IMAX,2020-03-03,15.52,15.92,15.01,15.32,15.32,1016600
IMAX,2020-03-04,15.35,15.57,14.54,15.5,15.5,1937500
IMAX,2020-03-05,15.07,15.11,14.39,14.82,14.82,1702200
IMAX,2020-03-06,14.32,15.68,14.22,15.03,15.03,2217800
IMAX,2020-03-09,14.46,14.82,14.0,14.45,14.45,1744100
IMAX,2020-03-10,14.74,15.53,14.18,15.28,15.28,2188300
IMAX,2020-03-11,14.9,15.07,14.27,14.61,14.61,1209700
IMAX,2020-03-12,13.58,13.88,10.77,10.85,10.85,2025800
IMAX,2020-03-13,11.35,11.58,10.22,11.1,11.1,2550500
IMAX,2020-03-16,9.34,10.05,8.91,9.15,9.15,1539400
IMAX,2020-03-17,9.01,9.05,7.06,7.16,7.16,2368700
IMAX,2020-03-18,6.53,7.49,6.01,7.2,7.2,3355600
IMAX,2020-03-19,7.2,12.44,7.19,11.47,11.47,3878100
IMAX,2020-03-20,12.06,12.88,10.16,10.58,10.58,2820500
IMAX,2020-03-23,10.7,11.19,10.01,10.76,10.76,1156100
IMAX,2020-03-24,11.26,12.13,10.22,10.7,10.7,1428000
IMAX,2020-03-25,11.08,11.31,10.01,10.14,10.14,1260900
IMAX,2020-03-26,10.31,10.98,9.91,10.25,10.25,1101400
IMAX,2020-03-27,9.63,9.99,8.73,9.08,9.08,1591700
IMAX,2020-03-30,9.09,9.49,8.52,8.53,8.53,929300
IMAX,2020-03-31,8.58,9.38,8.5,9.05,9.05,1346700
IMAX,2020-04-01,8.83,8.99,8.25,8.38,8.38,1162100
IMAX,2020-04-02,8.33,9.15,8.31,8.8,8.8,1037300
IMAX,2020-04-03,8.75,9.5,8.41,9.33,9.33,1225900
IMAX,2020-04-06,9.97,10.39,9.32,9.92,9.92,1607900
IMAX,2020-04-07,10.84,10.89,9.83,10.13,10.13,1399900
IMAX,2020-04-08,10.16,10.51,9.96,10.28,10.28,1420200
IMAX,2020-04-09,10.47,11.25,10.4,10.73,10.73,1362000
IMAX,2020-04-13,10.73,10.9,10.1,10.22,10.22,996000
IMAX,2020-04-14,10.61,10.84,10.04,10.48,10.48,1446800
IMAX,2020-04-15,9.94,10.4,9.63,10.22,10.22,1716800
IMAX,2020-04-16,10.22,10.38,9.75,10.12,10.12,1052600
IMAX,2020-04-17,10.94,11.24,10.11,11.03,11.03,2009300
IMAX,2020-04-20,11.32,12.57,11.1,11.84,11.84,2026700
IMAX,2020-04-21,11.69,12.1,11.11,11.57,11.57,1426600
IMAX,2020-04-22,11.79,11.89,10.87,10.92,10.92,1009200
IMAX,2020-04-23,10.82,11.42,10.66,11.01,11.01,761600
IMAX,2020-04-24,10.5,10.92,10.3,10.64,10.64,1104800
IMAX,2020-04-27,10.92,11.34,10.82,11.08,11.08,766200
IMAX,2020-04-28,12.07,12.54,11.53,12.19,12.19,1294800
IMAX,2020-04-29,12.56,12.9,12.27,12.59,12.59,1687600
IMAX,2020-04-30,12.21,12.41,11.31,11.5,11.5,2059300
IMAX,2020-05-01,11.03,11.62,10.63,11.61,11.61,1323700
IMAX,2020-05-04,11.25,11.9,10.78,11.83,11.83,1748800
IMAX,2020-05-05,11.97,12.14,11.58,11.61,11.61,880600
IMAX,2020-05-06,11.68,11.85,11.26,11.36,11.36,694900
IMAX,2020-05-07,11.45,12.04,11.34,11.81,11.81,982800
IMAX,2020-05-08,12.0,12.21,11.83,12.15,12.15,528400
IMAX,2020-05-11,12.36,12.55,12.0,12.13,12.13,608900
IMAX,2020-05-12,12.16,12.25,11.8,11.8,11.8,660600
IMAX,2020-05-13,11.8,12.05,11.54,11.63,11.63,1506100
IMAX,2020-05-14,11.3,11.9,10.88,11.49,11.49,804500
IMAX,2020-05-15,11.42,11.53,11.14,11.36,11.36,904900
IMAX,2020-05-18,11.86,12.33,11.85,12.01,12.01,749300
IMAX,2020-05-19,11.92,12.4,11.68,11.71,11.71,631900
IMAX,2020-05-20,11.99,12.43,11.97,12.25,12.25,555900
IMAX,2020-05-21,12.13,12.75,11.96,12.69,12.69,638000
IMAX,2020-05-22,12.69,12.69,12.16,12.6,12.6,631300
IMAX,2020-05-26,13.34,13.45,12.57,12.61,12.61,1311000
IMAX,2020-05-27,12.88,13.39,12.77,13.22,13.22,1212600
IMAX,2020-05-28,13.34,13.5,12.17,12.18,12.18,1032000
IMAX,2020-05-29,12.0,12.8,11.8,12.61,12.61,1022400
IMAX,2020-06-01,12.58,13.05,12.43,12.87,12.87,985500
IMAX,2020-06-02,13.1,13.53,12.73,13.04,13.04,745300
IMAX,2020-06-03,13.18,13.85,13.06,13.28,13.28,871000
IMAX,2020-06-04,13.17,13.63,12.71,13.44,13.44,1209200
IMAX,2020-06-05,14.01,14.41,13.7,13.89,13.89,1152300
IMAX,2020-06-08,14.29,14.41,13.69,14.02,14.02,884100
IMAX,2020-06-09,13.9,14.05,13.35,13.95,13.95,719900
IMAX,2020-06-10,14.22,14.22,13.11,13.42,13.42,665300
IMAX,2020-06-11,12.74,12.94,12.42,12.62,12.62,1152800
IMAX,2020-06-12,13.08,13.19,12.18,12.78,12.78,1134700
IMAX,2020-06-15,12.22,13.81,12.04,13.14,13.14,2839600
IMAX,2020-06-16,13.67,13.73,12.54,12.65,12.65,1279200
IMAX,2020-06-17,12.66,12.66,12.16,12.2,12.2,774000
IMAX,2020-06-18,12.2,12.37,11.8,12.2,12.2,1861400
IMAX,2020-06-19,12.3,12.59,11.68,11.73,11.73,1277500
IMAX,2020-06-22,11.7,11.7,11.21,11.45,11.45,1010100
IMAX,2020-06-23,11.55,11.65,11.15,11.58,11.58,1245900
IMAX,2020-06-24,11.55,11.6,10.67,11.1,11.1,1058500
IMAX,2020-06-25,10.97,11.09,10.7,10.86,10.86,829400
IMAX,2020-06-26,10.76,10.83,10.34,10.54,10.54,1924500
IMAX,2020-06-29,10.78,11.19,10.31,11.13,11.13,1417000
IMAX,2020-06-30,11.17,11.49,11.0,11.21,11.21,877700
IMAX,2020-07-01,11.2,11.51,11.0,11.2,11.2,1123700
IMAX,2020-07-02,11.42,11.42,10.52,10.55,10.55,858700
IMAX,2020-07-06,10.73,11.59,10.7,11.49,11.49,1355100
IMAX,2020-07-07,11.31,11.47,10.99,11.17,11.17,633900
IMAX,2020-07-08,11.2,11.71,11.01,11.53,11.53,917000
IMAX,2020-07-09,11.47,11.78,11.18,11.59,11.59,801600
IMAX,2020-07-10,11.56,12.08,11.48,11.99,11.99,658100
IMAX,2020-07-13,12.02,12.14,11.22,11.41,11.41,977600
IMAX,2020-07-14,11.28,11.54,11.03,11.26,11.26,1270000
IMAX,2020-07-15,11.74,13.23,11.7,12.83,12.83,2246700
IMAX,2020-07-16,12.66,13.62,12.48,13.59,13.59,2599500
IMAX,2020-07-17,13.52,13.62,13.2,13.4,13.4,1086900
IMAX,2020-07-20,13.29,13.71,13.18,13.35,13.35,1102600
IMAX,2020-07-21,13.51,13.78,13.0,13.06,13.06,856600
IMAX,2020-07-22,13.0,13.29,12.73,12.91,12.91,847100
IMAX,2020-07-23,12.86,12.97,12.44,12.84,12.84,739400
IMAX,2020-07-24,12.36,12.68,11.8,12.52,12.52,755300
IMAX,2020-07-27,12.63,12.71,12.17,12.64,12.64,512900
IMAX,2020-07-28,12.47,13.07,12.47,12.56,12.56,799500
IMAX,2020-07-29,12.86,13.09,10.83,11.22,11.22,2714500
IMAX,2020-07-30,11.23,12.18,11.06,11.64,11.64,1063700
IMAX,2020-07-31,11.56,11.56,11.14,11.29,11.29,781000
IMAX,2020-08-03,11.28,11.43,11.0,11.33,11.33,747000
IMAX,2020-08-04,11.3,11.74,11.3,11.48,11.48,583100
IMAX,2020-08-05,11.6,11.99,11.53,11.9,11.9,765600
IMAX,2020-08-06,11.88,11.89,11.44,11.48,11.48,680200
IMAX,2020-08-07,11.48,12.09,11.35,11.86,11.86,1128900
IMAX,2020-08-10,11.86,12.01,11.63,11.93,11.93,677700
IMAX,2020-08-11,12.22,13.06,12.22,12.64,12.64,1398100
IMAX,2020-08-12,12.9,12.96,12.06,12.13,12.13,623500
IMAX,2020-08-13,12.22,12.78,12.07,12.6,12.6,586800
IMAX,2020-08-14,12.53,12.99,12.41,12.81,12.81,332100
IMAX,2020-08-17,12.85,12.95,12.58,12.9,12.9,531300
IMAX,2020-08-18,12.9,13.15,12.63,12.89,12.89,679700
IMAX,2020-08-19,12.97,13.51,12.92,13.21,13.21,904400
IMAX,2020-08-20,13.12,13.53,12.97,13.24,13.24,710200
IMAX,2020-08-21,13.09,13.27,12.87,13.13,13.13,718900
IMAX,2020-08-24,13.34,14.44,13.08,14.39,14.39,1341700
IMAX,2020-08-25,14.49,14.68,13.74,14.56,14.56,1454600
IMAX,2020-08-26,14.61,14.82,14.44,14.7,14.7,806000
IMAX,2020-08-27,14.79,15.54,14.74,15.46,15.46,2259900
IMAX,2020-08-28,15.57,15.74,15.27,15.7,15.7,743700
IMAX,2020-08-31,15.68,16.1,15.33,15.37,15.37,1014500
IMAX,2020-09-01,15.4,15.45,14.77,15.04,15.04,961200
IMAX,2020-09-02,15.35,16.0,15.05,15.89,15.89,1096800
IMAX,2020-09-03,15.92,16.049999,15.12,15.4,15.4,833800
IMAX,2020-09-04,15.81,16.120001,15.42,16.01,16.01,974600
IMAX,2020-09-08,15.85,15.86,15.05,15.21,15.21,938500
IMAX,2020-09-09,15.3,15.3,13.95,14.91,14.91,1206600
IMAX,2020-09-10,14.97,15.24,14.2,14.31,14.31,702400
IMAX,2020-09-11,14.4,14.4,13.2,13.46,13.46,1245200
IMAX,2020-09-14,13.56,13.91,13.29,13.32,13.32,997600
IMAX,2020-09-15,13.33,14.25,13.23,13.59,13.59,984700
IMAX,2020-09-16,13.68,14.02,13.45,13.61,13.61,967700
IMAX,2020-09-17,13.59,13.73,13.29,13.33,13.33,849500
IMAX,2020-09-18,13.31,13.58,13.16,13.41,13.41,582300
IMAX,2020-09-21,13.14,13.24,12.55,12.73,12.73,751400
IMAX,2020-09-22,12.78,13.68,12.62,13.15,13.15,2987800
IMAX,2020-09-23,13.05,13.23,12.03,12.05,12.05,1169000
IMAX,2020-09-24,12.0,12.11,11.59,11.8,11.8,584600
IMAX,2020-09-25,11.81,12.23,11.71,12.23,12.23,656800
IMAX,2020-09-28,12.42,12.53,12.07,12.16,12.16,461000
IMAX,2020-09-29,12.13,12.15,11.84,11.95,11.95,503700
IMAX,2020-09-30,11.96,12.26,11.93,11.96,11.96,530100
IMAX,2020-10-01,12.2,12.2,11.58,11.61,11.61,876700
IMAX,2020-10-02,11.3,11.48,11.08,11.27,11.27,628600
IMAX,2020-10-05,11.27,11.31,10.5,11.06,11.06,1208800
IMAX,2020-10-06,11.17,11.91,11.16,11.43,11.43,865400
IMAX,2020-10-07,11.58,11.7,11.11,11.37,11.37,671800
IMAX,2020-10-08,11.5,11.64,11.27,11.62,11.62,430900
IMAX,2020-10-09,11.85,12.11,11.52,11.62,11.62,412800
IMAX,2020-10-12,11.37,11.94,11.2,11.89,11.89,638900
IMAX,2020-10-13,11.85,11.85,11.2,11.24,11.24,616900
IMAX,2020-10-14,11.05,11.13,10.65,11.06,11.06,1024600
IMAX,2020-10-15,11.05,11.28,10.84,11.23,11.23,716000
IMAX,2020-10-16,11.21,11.48,11.13,11.2,11.2,500200
IMAX,2020-10-19,11.37,11.77,11.14,11.2,11.2,820400
IMAX,2020-10-20,11.2,11.33,10.91,11.21,11.21,438800
IMAX,2020-10-21,11.2,11.48,11.07,11.36,11.36,283200
IMAX,2020-10-22,11.39,11.72,11.25,11.67,11.67,505800
IMAX,2020-10-23,11.75,11.75,11.37,11.56,11.56,321700
IMAX,2020-10-26,11.42,11.65,11.19,11.56,11.56,504400
IMAX,2020-10-27,11.53,11.75,11.47,11.71,11.71,932400
IMAX,2020-10-28,11.36,12.0,11.34,11.79,11.79,1143400
IMAX,2020-10-29,11.19,11.53,10.76,11.49,11.49,1618900
IMAX,2020-10-30,11.44,11.59,11.11,11.53,11.53,740000
IMAX,2020-11-02,11.63,11.75,10.81,11.15,11.15,753000
IMAX,2020-11-03,11.26,11.72,11.24,11.65,11.65,547500
IMAX,2020-11-04,11.46,11.59,11.24,11.41,11.41,632000
IMAX,2020-11-05,11.5,12.05,11.27,12.02,12.02,595700
IMAX,2020-11-06,11.97,12.03,11.8,11.82,11.82,328800
IMAX,2020-11-09,14.99,15.14,13.55,14.02,14.02,3946900
IMAX,2020-11-10,14.28,14.5,13.8,14.06,14.06,1174200
IMAX,2020-11-11,14.07,14.53,13.93,14.52,14.52,626200
IMAX,2020-11-12,14.26,14.45,13.94,14.05,14.05,507800
IMAX,2020-11-13,14.15,14.53,13.97,14.35,14.35,587000
IMAX,2020-11-16,15.0,15.53,14.33,14.93,14.93,1259900
IMAX,2020-11-17,14.66,15.42,14.56,15.3,15.3,639900
IMAX,2020-11-18,15.44,15.91,15.3,15.47,15.47,683700
IMAX,2020-11-19,15.4,15.48,15.02,15.1,15.1,538300
IMAX,2020-11-20,15.05,15.15,14.92,15.09,15.09,416600
IMAX,2020-11-23,15.41,15.92,15.36,15.49,15.49,879900
IMAX,2020-11-24,15.91,16.309999,15.64,15.65,15.65,706800
IMAX,2020-11-25,15.45,15.6,15.13,15.24,15.24,445900
IMAX,2020-11-27,15.25,15.76,15.18,15.48,15.48,561300
IMAX,2020-11-30,15.3,15.31,14.69,14.83,14.83,777900
IMAX,2020-12-01,14.93,15.49,14.93,15.13,15.13,362000
IMAX,2020-12-02,15.01,15.46,14.9,15.41,15.41,408200
IMAX,2020-12-03,15.5,15.68,14.11,14.17,14.17,1865600
IMAX,2020-12-04,14.52,14.84,14.21,14.7,14.7,1144200
IMAX,2020-12-07,14.54,14.72,14.22,14.46,14.46,686200
IMAX,2020-12-08,14.3,15.05,14.3,14.9,14.9,716200
IMAX,2020-12-09,15.15,15.55,15.07,15.21,15.21,817600
IMAX,2020-12-10,15.01,15.78,14.92,15.51,15.51,835100
IMAX,2020-12-11,15.5,15.75,15.14,15.35,15.35,1988700
IMAX,2020-12-14,15.5,15.67,14.54,14.61,14.61,1057400
IMAX,2020-12-15,14.88,15.41,14.75,15.27,15.27,579400
IMAX,2020-12-16,15.31,15.43,14.92,14.94,14.94,516900
IMAX,2020-12-17,14.98,15.59,14.84,15.4,15.4,880500
IMAX,2020-12-18,15.43,15.83,15.26,15.73,15.73,1353800
IMAX,2020-12-21,15.23,15.88,15.08,15.84,15.84,795100
IMAX,2020-12-22,15.81,16.16,15.75,16.030001,16.030001,858600
IMAX,2020-12-23,16.290001,17.110001,16.16,16.92,16.92,732200
IMAX,2020-12-24,16.85,17.08,16.639999,17.01,17.01,731100
IMAX,2020-12-28,17.200001,17.879999,17.07,17.700001,17.700001,1357500
IMAX,2020-12-29,18.030001,18.52,17.639999,17.85,17.85,2286100
IMAX,2020-12-30,18.0,18.870001,17.950001,18.450001,18.450001,1264700
IMAX,2020-12-31,18.67,18.67,18.02,18.02,18.02,722000
IMAX,2021-01-04,18.08,18.209999,17.110001,17.6,17.6,970300
IMAX,2021-01-05,17.469999,18.6,17.42,18.17,18.17,1041800
IMAX,2021-01-06,18.559999,19.049999,18.4,18.549999,18.549999,991200
IMAX,2021-01-07,18.75,19.200001,18.040001,18.1,18.1,740200
IMAX,2021-01-08,18.18,18.33,17.85,18.280001,18.280001,1017600
IMAX,2021-01-11,18.030001,18.360001,17.84,17.969999,17.969999,744100
IMAX,2021-01-12,18.01,18.43,17.969999,18.200001,18.200001,966800
IMAX,2021-01-13,18.209999,18.469999,17.610001,18.139999,18.139999,548000
IMAX,2021-01-14,18.15,19.0,18.030001,18.93,18.93,718500
IMAX,2021-01-15,18.65,18.83,18.209999,18.34,18.34,429600
IMAX,2021-01-19,18.629999,19.0,18.370001,18.559999,18.559999,529200
IMAX,2021-01-20,18.65,18.940001,18.440001,18.620001,18.620001,573300
IMAX,2021-01-21,18.690001,18.690001,18.129999,18.299999,18.299999,445500
IMAX,2021-01-22,18.1,18.5,17.92,18.469999,18.469999,673500
IMAX,2021-01-25,18.1,19.0,18.1,18.73,18.73,1040100
IMAX,2021-01-26,19.0,19.07,18.1,18.809999,18.809999,1759100
IMAX,2021-01-27,19.0,20.209999,18.639999,19.370001,19.370001,3285100
IMAX,2021-01-28,19.530001,19.959999,19.030001,19.33,19.33,1027700
IMAX,2021-01-29,19.17,19.74,18.75,18.9,18.9,678200
IMAX,2021-02-01,19.27,19.85,18.76,19.73,19.73,812100
IMAX,2021-02-02,19.879999,19.969999,18.440001,18.799999,18.799999,876300
IMAX,2021-02-03,18.860001,19.07,18.35,18.870001,18.870001,524700
IMAX,2021-02-04,18.870001,18.9,17.959999,18.299999,18.299999,690200
IMAX,2021-02-05,18.389999,18.639999,18.16,18.290001,18.290001,332600
IMAX,2021-02-08,18.530001,18.629999,17.959999,18.200001,18.200001,539600
IMAX,2021-02-09,18.1,18.290001,17.41,17.870001,17.870001,540700
IMAX,2021-02-10,17.950001,18.790001,17.66,18.65,18.65,486100
IMAX,2021-02-11,18.65,18.73,18.17,18.4,18.4,441300
IMAX,2021-02-12,18.42,18.75,18.290001,18.639999,18.639999,311700
IMAX,2021-02-16,20.0,20.469999,19.440001,19.85,19.85,1446400
IMAX,2021-02-17,20.01,20.4,19.99,20.25,20.25,917700
IMAX,2021-02-18,19.959999,20.52,19.889999,19.98,19.98,529000
IMAX,2021-02-19,20.17,20.17,19.469999,19.51,19.51,364900
IMAX,2021-02-22,19.5,20.620001,19.43,20.6,20.6,1485500
IMAX,2021-02-23,20.639999,20.99,20.040001,20.51,20.51,707400
IMAX,2021-02-24,20.549999,20.940001,20.059999,20.84,20.84,743900
IMAX,2021-02-25,20.889999,21.280001,20.4,20.530001,20.530001,864100
IMAX,2021-02-26,20.65,21.18,20.309999,20.67,20.67,590300
IMAX,2021-03-01,21.09,21.459999,20.870001,21.440001,21.440001,478100
IMAX,2021-03-02,21.469999,22.02,21.09,21.459999,21.459999,468000
IMAX,2021-03-03,21.51,22.049999,21.51,21.67,21.67,704400
IMAX,2021-03-04,21.52,21.73,20.27,20.709999,20.709999,666300
IMAX,2021-03-05,22.5,25.049999,21.75,24.59,24.59,4085500
IMAX,2021-03-08,24.52,24.6,22.67,23.389999,23.389999,1724600
IMAX,2021-03-09,23.809999,24.07,22.940001,23.16,23.16,1380300
IMAX,2021-03-10,23.35,23.790001,22.440001,22.809999,22.809999,1367200
IMAX,2021-03-11,23.0,23.43,22.48,23.379999,23.379999,1187600
IMAX,2021-03-12,23.209999,23.620001,22.91,23.450001,23.450001,928000
IMAX,2021-03-15,23.450001,23.719999,22.969999,23.459999,23.459999,1093200
IMAX,2021-03-16,21.200001,21.969999,20.24,21.299999,21.299999,5077400
IMAX,2021-03-17,21.42,22.209999,21.139999,21.24,21.24,3850000
IMAX,2021-03-18,21.030001,21.93,20.84,21.219999,21.219999,1637500
IMAX,2021-03-19,21.309999,21.5,20.700001,21.33,21.33,1469200
IMAX,2021-03-22,21.15,21.35,20.719999,21.040001,21.040001,837700
IMAX,2021-03-23,20.629999,20.940001,20.0,20.18,20.18,988100
IMAX,2021-03-24,20.459999,20.92,19.870001,19.889999,19.889999,1693900
IMAX,2021-03-25,19.530001,20.43,19.51,20.389999,20.389999,864500
IMAX,2021-03-26,20.530001,20.620001,19.18,19.77,19.77,1161600
IMAX,2021-03-29,19.780001,20.190001,19.4,19.860001,19.860001,713200
IMAX,2021-03-30,20.0,20.24,19.76,20.18,20.18,552800
IMAX,2021-03-31,20.17,20.700001,20.049999,20.1,20.1,831700
IMAX,2021-04-01,20.440001,21.1,20.309999,20.969999,20.969999,854100
IMAX,2021-04-05,21.5,22.129999,21.15,21.91,21.91,1843400
IMAX,2021-04-06,21.860001,22.34,21.67,22.030001,22.030001,1065200
IMAX,2021-04-07,21.99,22.190001,21.559999,21.879999,21.879999,407500
IMAX,2021-04-08,21.92,22.01,21.370001,22.0,22.0,605600
IMAX,2021-04-09,21.74,22.02,21.530001,21.610001,21.610001,373600
IMAX,2021-04-12,21.559999,21.75,21.08,21.280001,21.280001,556100
IMAX,2021-04-13,21.030001,21.25,20.65,20.93,20.93,569400
IMAX,2021-04-14,20.959999,21.6,20.809999,21.040001,21.040001,571600
IMAX,2021-04-15,21.360001,21.629999,21.059999,21.09,21.09,554700
IMAX,2021-04-16,21.209999,21.469999,20.84,21.16,21.16,1401600
IMAX,2021-04-19,21.09,21.790001,20.889999,21.75,21.75,1520900
IMAX,2021-04-20,21.719999,21.719999,20.370001,20.74,20.74,643500
IMAX,2021-04-21,20.49,21.17,20.389999,21.15,21.15,791700
IMAX,2021-04-22,21.26,21.77,20.98,21.360001,21.360001,392700
IMAX,2021-04-23,21.879999,22.190001,21.719999,21.950001,21.950001,863100
IMAX,2021-04-26,21.940001,22.58,21.940001,22.43,22.43,654500
IMAX,2021-04-27,22.6,22.6,21.92,21.969999,21.969999,453200
IMAX,2021-04-28,21.74,22.41,21.700001,22.18,22.18,683300
IMAX,2021-04-29,21.629999,22.27,20.530001,21.280001,21.280001,1081800
IMAX,2021-04-30,21.139999,21.18,20.549999,20.620001,20.620001,927400
IMAX,2021-05-03,20.969999,21.530001,20.889999,21.33,21.33,734100
IMAX,2021-05-04,21.08,21.200001,20.559999,21.18,21.18,606200
IMAX,2021-05-05,21.33,21.33,20.620001,20.68,20.68,507200
IMAX,2021-05-06,20.76,20.76,20.08,20.209999,20.209999,560700
IMAX,2021-05-07,20.25,21.129999,20.15,20.92,20.92,630300
IMAX,2021-05-10,21.049999,21.33,20.889999,20.92,20.92,408200
IMAX,2021-05-11,20.389999,21.030001,20.35,20.57,20.57,413000
IMAX,2021-05-12,20.370001,20.610001,19.58,19.65,19.65,849800
IMAX,2021-05-13,19.719999,20.74,19.65,20.459999,20.459999,796600
IMAX,2021-05-14,20.610001,20.74,20.24,20.610001,20.610001,1073800
IMAX,2021-05-17,20.809999,20.959999,20.52,20.870001,20.870001,413500
IMAX,2021-05-18,20.84,21.049999,20.57,20.57,20.57,709000
IMAX,2021-05-19,20.17,20.82,19.959999,20.799999,20.799999,843100
IMAX,2021-05-20,20.82,21.26,20.57,21.209999,21.209999,703400
IMAX,2021-05-21,21.4,21.57,21.16,21.379999,21.379999,534800
IMAX,2021-05-24,21.75,22.040001,21.4,21.790001,21.790001,478800
IMAX,2021-05-25,21.950001,22.23,21.549999,21.610001,21.610001,601900
IMAX,2021-05-26,21.75,22.120001,21.549999,21.6,21.6,734400
IMAX,2021-05-27,21.620001,22.709999,21.51,22.59,22.59,1615500
IMAX,2021-05-28,22.82,23.57,21.530001,21.610001,21.610001,1180800
IMAX,2021-06-01,21.629999,22.41,21.540001,22.27,22.27,809700
IMAX,2021-06-02,21.0,22.32,20.639999,21.99,21.99,1630800
IMAX,2021-06-03,21.85,22.309999,21.139999,21.93,21.93,1631900
IMAX,2021-06-04,22.030001,22.389999,21.42,21.43,21.43,661000
IMAX,2021-06-07,21.629999,22.110001,21.48,22.040001,22.040001,985600
IMAX,2021-06-08,22.15,23.379999,21.809999,23.23,23.23,1592500
IMAX,2021-06-09,23.51,23.540001,23.030001,23.23,23.23,659600
IMAX,2021-06-10,23.280001,23.35,22.49,22.549999,22.549999,874500
IMAX,2021-06-11,22.59,22.790001,22.42,22.74,22.74,370400
IMAX,2021-06-14,22.790001,23.09,22.200001,22.33,22.33,472900
IMAX,2021-06-15,22.379999,22.469999,21.82,21.83,21.83,316900
IMAX,2021-06-16,21.709999,21.959999,21.33,21.940001,21.940001,572200
IMAX,2021-06-17,21.879999,21.98,21.65,21.85,21.85,375300
IMAX,2021-06-18,21.6,21.870001,21.370001,21.59,21.59,612500
IMAX,2021-06-21,21.719999,21.719999,21.040001,21.530001,21.530001,398500
IMAX,2021-06-22,21.309999,21.440001,20.98,21.389999,21.389999,299900
IMAX,2021-06-23,21.360001,21.65,21.27,21.450001,21.450001,380300
IMAX,2021-06-24,21.65,22.24,21.48,22.23,22.23,515200
IMAX,2021-06-25,22.370001,22.870001,22.190001,22.77,22.77,1300400
IMAX,2021-06-28,23.23,23.26,21.9,22.26,22.26,793000
IMAX,2021-06-29,22.27,22.48,21.379999,21.41,21.41,453000
IMAX,2021-06-30,21.18,21.719999,20.92,21.5,21.5,468100
IMAX,2021-07-01,21.549999,22.1,21.23,21.799999,21.799999,506200
IMAX,2021-07-02,21.84,21.889999,21.4,21.440001,21.440001,280200
IMAX,2021-07-06,21.370001,21.370001,20.33,20.58,20.58,645500
IMAX,2021-07-07,20.35,20.360001,19.610001,19.75,19.75,669900
IMAX,2021-07-08,19.379999,20.1,18.75,19.540001,19.540001,638900
IMAX,2021-07-09,19.82,19.950001,19.58,19.85,19.85,362800
IMAX,2021-07-12,19.73,19.73,19.01,19.24,19.24,511400
IMAX,2021-07-13,19.01,19.16,18.42,18.42,18.42,496100
IMAX,2021-07-14,18.48,18.58,17.860001,17.91,17.91,603500
IMAX,2021-07-15,17.860001,17.9,17.049999,17.43,17.43,605400
IMAX,2021-07-16,17.74,17.780001,16.65,16.790001,16.790001,1216700
IMAX,2021-07-19,16.280001,16.57,16.030001,16.25,16.25,1040900
IMAX,2021-07-20,16.370001,16.76,15.89,16.67,16.67,715600
IMAX,2021-07-21,17.040001,17.34,16.719999,17.200001,17.200001,773100
IMAX,2021-07-22,17.209999,17.299999,16.530001,16.860001,16.860001,865100
IMAX,2021-07-23,16.9,17.18,16.780001,16.940001,16.940001,592700
IMAX,2021-07-26,17.08,17.51,16.92,17.459999,17.459999,579600
IMAX,2021-07-27,17.26,17.35,16.459999,16.85,16.85,871800
IMAX,2021-07-28,16.75,16.799999,15.88,16.49,16.49,1063100
IMAX,2021-07-29,16.49,16.9,16.440001,16.450001,16.450001,495100
IMAX,2021-07-30,16.4,16.809999,16.07,16.139999,16.139999,1044200
IMAX,2021-08-02,16.209999,16.639999,15.96,16.01,16.01,613100
IMAX,2021-08-03,15.93,16.17,15.43,15.6,15.6,842900
IMAX,2021-08-04,15.44,15.64,15.06,15.14,15.14,788200
IMAX,2021-08-05,15.13,15.65,15.06,15.37,15.37,541200
IMAX,2021-08-06,15.68,15.68,15.19,15.38,15.38,477800
IMAX,2021-08-09,15.28,15.28,14.63,14.67,14.67,1318200
IMAX,2021-08-10,14.8,15.2,14.51,14.56,14.56,319900
IMAX,2021-08-11,14.48,14.87,14.25,14.84,14.84,437300
IMAX,2021-08-12,14.73,14.92,14.33,14.63,14.63,493700
IMAX,2021-08-13,14.64,14.76,14.27,14.6,14.6,881100
IMAX,2021-08-16,14.43,14.78,14.07,14.52,14.52,1286300
IMAX,2021-08-17,14.39,14.68,14.15,14.45,14.45,1342400
IMAX,2021-08-18,14.52,14.81,14.16,14.19,14.19,566500
IMAX,2021-08-19,14.1,14.12,13.6,13.67,13.67,728900
IMAX,2021-08-20,13.62,14.11,13.62,14.0,14.0,498600
IMAX,2021-08-23,14.14,15.04,14.14,14.96,14.96,1092900
IMAX,2021-08-24,15.08,16.030001,15.0,15.84,15.84,1817400
IMAX,2021-08-25,15.94,16.07,15.45,15.56,15.56,1170800
IMAX,2021-08-26,15.46,15.68,15.33,15.43,15.43,528500
IMAX,2021-08-27,15.33,15.83,15.33,15.68,15.68,877800
IMAX,2021-08-30,15.74,15.74,15.2,15.5,15.5,464400
IMAX,2021-08-31,15.49,15.82,15.49,15.71,15.71,341000
IMAX,2021-09-01,15.79,15.92,15.48,15.53,15.53,599700
IMAX,2021-09-02,15.66,15.9,15.44,15.63,15.63,430700
IMAX,2021-09-03,15.51,15.63,15.15,15.23,15.23,315400
IMAX,2021-09-07,15.23,15.75,15.23,15.73,15.73,507500
IMAX,2021-09-08,15.68,15.89,15.23,15.43,15.43,773100
IMAX,2021-09-09,15.48,15.77,15.3,15.61,15.61,427500
IMAX,2021-09-10,15.69,15.73,15.23,15.35,15.35,429400
IMAX,2021-09-13,15.61,16.91,15.6,16.639999,16.639999,1216500
IMAX,2021-09-14,16.700001,16.700001,16.059999,16.41,16.41,838600
IMAX,2021-09-15,16.389999,16.74,16.07,16.700001,16.700001,606200
IMAX,2021-09-16,16.82,17.120001,16.719999,17.01,17.01,646000
IMAX,2021-09-17,17.030001,17.450001,16.67,16.809999,16.809999,695200
IMAX,2021-09-20,16.35,16.620001,16.040001,16.51,16.51,729800
IMAX,2021-09-21,16.709999,16.799999,16.16,16.440001,16.440001,465500
IMAX,2021-09-22,16.690001,16.809999,16.370001,16.690001,16.690001,518900
IMAX,2021-09-23,16.860001,18.0,16.73,17.889999,17.889999,1411800
IMAX,2021-09-24,17.709999,18.09,17.48,17.879999,17.879999,518300
IMAX,2021-09-27,18.0,18.719999,17.99,18.5,18.5,882500
IMAX,2021-09-28,18.59,18.879999,18.040001,18.4,18.4,1001400
IMAX,2021-09-29,18.42,19.08,18.35,18.77,18.77,652300
IMAX,2021-09-30,18.780001,19.15,18.120001,18.98,18.98,981900
IMAX,2021-10-01,19.17,19.98,18.889999,19.709999,19.709999,1571700
IMAX,2021-10-04,19.73,20.75,19.73,20.6,20.6,1523500
IMAX,2021-10-05,20.48,21.02,20.219999,20.99,20.99,840100
IMAX,2021-10-06,20.709999,21.17,20.459999,20.950001,20.950001,498700
IMAX,2021-10-07,21.16,21.43,20.969999,21.34,21.34,484400
IMAX,2021-10-08,21.450001,21.860001,21.26,21.280001,21.280001,513100
IMAX,2021-10-11,21.51,21.67,20.879999,20.889999,20.889999,765300
IMAX,2021-10-12,20.83,20.93,20.299999,20.860001,20.860001,720400
IMAX,2021-10-13,20.860001,20.98,20.540001,20.6,20.6,376400
IMAX,2021-10-14,20.709999,20.92,20.43,20.51,20.51,648000
IMAX,2021-10-15,20.91,20.959999,20.43,20.43,20.43,550600
IMAX,2021-10-18,20.34,20.870001,20.139999,20.219999,20.219999,514700
IMAX,2021-10-19,20.32,20.48,20.049999,20.16,20.16,503500
IMAX,2021-10-20,20.280001,21.01,20.07,20.92,20.92,1048000
IMAX,2021-10-21,20.870001,21.07,20.459999,20.549999,20.549999,570400
IMAX,2021-10-22,21.0,21.860001,20.559999,21.85,21.85,1246400
IMAX,2021-10-25,22.0,22.1,21.190001,21.4,21.4,1023700
IMAX,2021-10-26,21.32,21.67,21.0,21.129999,21.129999,569200
IMAX,2021-10-27,21.02,21.27,20.639999,20.690001,20.690001,673400
IMAX,2021-10-28,20.52,21.25,20.049999,20.09,20.09,732400
IMAX,2021-10-29,19.879999,19.879999,18.379999,18.85,18.85,1271900
IMAX,2021-11-01,19.0,19.99,19.0,19.700001,19.700001,954400
IMAX,2021-11-02,19.709999,19.85,19.27,19.709999,19.709999,717200
IMAX,2021-11-03,19.59,20.389999,19.59,19.969999,19.969999,503900
IMAX,2021-11-04,19.950001,20.08,19.6,19.690001,19.690001,396200
IMAX,2021-11-05,20.25,20.870001,20.129999,20.75,20.75,838800
IMAX,2021-11-08,20.950001,21.15,20.34,20.799999,20.799999,1099000
IMAX,2021-11-09,20.65,21.0,20.08,20.35,20.35,539300
IMAX,2021-11-10,20.41,20.860001,20.17,20.48,20.48,591900
IMAX,2021-11-11,20.389999,21.24,20.08,20.75,20.75,421800
IMAX,2021-11-12,20.68,20.82,20.219999,20.32,20.32,332600
IMAX,2021-11-15,20.120001,20.450001,19.85,19.92,19.92,465600
IMAX,2021-11-16,19.780001,20.4,19.24,19.959999,19.959999,1012100
IMAX,2021-11-17,19.77,19.870001,18.780001,18.799999,18.799999,401000
IMAX,2021-11-18,18.700001,18.84,18.389999,18.719999,18.719999,677600
IMAX,2021-11-19,18.48,18.77,18.280001,18.299999,18.299999,583300
IMAX,2021-11-22,18.32,18.83,18.049999,18.57,18.57,550000
IMAX,2021-11-23,18.629999,18.780001,17.959999,18.190001,18.190001,611700
IMAX,2021-11-24,18.110001,18.559999,17.870001,18.440001,18.440001,299400
IMAX,2021-11-26,17.48,17.48,16.719999,17.17,17.17,642800
IMAX,2021-11-29,17.629999,17.98,16.93,17.120001,17.120001,504600
IMAX,2021-11-30,16.799999,16.959999,16.01,16.49,16.49,809300
IMAX,2021-12-01,17.07,17.190001,15.85,15.92,15.92,665900
IMAX,2021-12-02,16.049999,16.93,16.0,16.9,16.9,544200
IMAX,2021-12-03,17.0,17.040001,16.23,16.700001,16.700001,417400
IMAX,2021-12-06,16.809999,17.620001,16.75,17.389999,17.389999,622500
IMAX,2021-12-07,17.809999,18.26,17.450001,17.59,17.59,518300
IMAX,2021-12-08,17.74,18.209999,17.58,17.969999,17.969999,404700
IMAX,2021-12-09,17.77,18.139999,17.610001,17.73,17.73,345900
IMAX,2021-12-10,17.860001,18.309999,17.51,18.27,18.27,885900
IMAX,2021-12-13,18.120001,18.190001,16.889999,17.35,17.35,697800
IMAX,2021-12-14,17.030001,17.809999,16.84,17.120001,17.120001,615800
IMAX,2021-12-15,17.18,17.68,16.799999,17.639999,17.639999,372300
IMAX,2021-12-16,17.940001,17.959999,17.18,17.370001,17.370001,445000
IMAX,2021-12-17,17.27,18.07,17.139999,17.84,17.84,838100
IMAX,2021-12-20,17.75,18.360001,17.09,17.559999,17.559999,853700
IMAX,2021-12-21,17.67,18.58,17.67,18.299999,18.299999,540800
IMAX,2021-12-22,18.27,18.58,17.950001,18.469999,18.469999,368400
IMAX,2021-12-23,18.639999,18.68,18.299999,18.379999,18.379999,291000
IMAX,2021-12-27,18.25,18.540001,17.85,18.129999,18.129999,503100
IMAX,2021-12-28,18.120001,18.73,18.120001,18.26,18.26,440100
IMAX,2021-12-29,18.16,18.33,17.9,18.09,18.09,278300
IMAX,2021-12-30,18.110001,18.52,17.870001,17.889999,17.889999,463400
IMAX,2021-12-31,17.889999,18.1,17.59,17.84,17.84,276900
IMAX,2022-01-03,17.98,19.01,17.98,18.92,18.92,747000
IMAX,2022-01-04,19.469999,19.629999,18.98,19.58,19.58,626000
IMAX,2022-01-05,19.719999,20.139999,18.74,18.77,18.77,613500
IMAX,2022-01-06,18.83,19.219999,18.360001,18.41,18.41,423700
IMAX,2022-01-07,18.4,19.1,18.309999,19.0,19.0,438900
IMAX,2022-01-10,19.040001,19.09,18.48,19.030001,19.030001,470600
IMAX,2022-01-11,19.01,19.4,18.790001,19.059999,19.059999,485600
IMAX,2022-01-12,19.33,19.4,18.9,19.040001,19.040001,321300
IMAX,2022-01-13,19.09,19.66,18.6,18.75,18.75,561800
IMAX,2022-01-14,18.43,18.68,18.139999,18.610001,18.610001,342300
IMAX,2022-01-18,18.58,18.58,18.049999,18.110001,18.110001,343500
IMAX,2022-01-19,18.110001,18.290001,17.709999,17.719999,17.719999,316500
IMAX,2022-01-20,17.82,18.32,17.4,17.450001,17.450001,834600
IMAX,2022-01-21,17.280001,17.58,16.940001,17.17,17.17,446700
IMAX,2022-01-24,16.75,17.27,16.27,17.18,17.18,820600
IMAX,2022-01-25,16.799999,17.219999,16.629999,16.969999,16.969999,430100
IMAX,2022-01-26,17.059999,17.549999,16.48,16.59,16.59,399600
IMAX,2022-01-27,16.66,16.860001,15.92,15.93,15.93,907500
IMAX,2022-01-28,15.89,16.33,15.66,16.33,16.33,798700
IMAX,2022-01-31,16.27,17.25,16.209999,17.25,17.25,397200
IMAX,2022-02-01,17.57,18.91,17.25,18.58,18.58,832300
IMAX,2022-02-02,18.51,18.58,17.59,17.629999,17.629999,551200
IMAX,2022-02-03,17.33,17.65,17.1,17.24,17.24,240800
IMAX,2022-02-04,17.27,17.5,16.93,17.32,17.32,319000
IMAX,2022-02-07,17.379999,18.41,17.299999,18.07,18.07,942500
IMAX,2022-02-08,18.139999,18.950001,18.02,18.889999,18.889999,500300
IMAX,2022-02-09,18.950001,19.780001,18.950001,19.77,19.77,421200
IMAX,2022-02-10,19.299999,20.23,19.299999,19.66,19.66,780400
IMAX,2022-02-11,19.58,20.4,19.4,19.58,19.58,732800
IMAX,2022-02-14,19.6,20.049999,19.309999,19.41,19.41,733300
IMAX,2022-02-15,19.73,20.82,19.73,20.68,20.68,584100
IMAX,2022-02-16,20.690001,20.879999,20.370001,20.450001,20.450001,717000
IMAX,2022-02-17,20.129999,20.799999,20.129999,20.309999,20.309999,513000
IMAX,2022-02-18,20.360001,20.84,20.209999,20.290001,20.290001,632700
IMAX,2022-02-22,19.889999,20.25,19.68,19.76,19.76,575600
IMAX,2022-02-23,19.93,20.200001,19.360001,19.48,19.48,764100
IMAX,2022-02-24,19.280001,21.24,18.860001,21.139999,21.139999,1371200
IMAX,2022-02-25,21.23,21.25,20.190001,20.559999,20.559999,608000
IMAX,2022-02-28,20.18,21.040001,20.17,20.68,20.68,503100
IMAX,2022-03-01,20.540001,20.879999,19.450001,19.549999,19.549999,833100
IMAX,2022-03-02,19.639999,20.6,19.6,20.49,20.49,436500
IMAX,2022-03-03,20.59,20.76,20.030001,20.27,20.27,330200
IMAX,2022-03-04,19.879999,20.549999,19.18,20.040001,20.040001,1413800
IMAX,2022-03-07,20.040001,20.1,17.969999,18.129999,18.129999,682400
IMAX,2022-03-08,18.18,18.450001,17.110001,17.68,17.68,929000
IMAX,2022-03-09,18.27,18.690001,18.030001,18.290001,18.290001,479600
IMAX,2022-03-10,17.790001,18.1,17.4,17.620001,17.620001,607300
IMAX,2022-03-11,17.700001,17.700001,16.950001,17.049999,17.049999,638600
IMAX,2022-03-14,16.98,17.290001,16.51,17.110001,17.110001,659500
IMAX,2022-03-15,17.42,17.82,17.120001,17.379999,17.379999,378500
IMAX,2022-03-16,17.780001,18.18,17.559999,18.18,18.18,410600
IMAX,2022-03-17,17.870001,18.280001,17.73,18.15,18.15,437700
IMAX,2022-03-18,18.15,18.389999,17.91,17.969999,17.969999,823800
IMAX,2022-03-21,18.030001,18.26,17.799999,18.23,18.23,461900
IMAX,2022-03-22,18.290001,19.32,18.290001,19.290001,19.290001,560900
IMAX,2022-03-23,19.15,19.969999,18.950001,19.4,19.4,836900
IMAX,2022-03-24,19.4,19.540001,19.049999,19.42,19.42,341000
IMAX,2022-03-25,19.23,19.629999,19.139999,19.459999,19.459999,314800
IMAX,2022-03-28,19.43,19.700001,19.1,19.690001,19.690001,466500
IMAX,2022-03-29,19.950001,20.5,19.26,19.309999,19.309999,509700
IMAX,2022-03-30,19.110001,19.809999,19.02,19.24,19.24,579800
IMAX,2022-03-31,19.049999,19.299999,18.84,18.93,18.93,268600
IMAX,2022-04-01,19.200001,19.200001,18.370001,18.51,18.51,962300
IMAX,2022-04-04,18.530001,18.799999,18.049999,18.49,18.49,479100
IMAX,2022-04-05,18.49,18.59,17.620001,17.66,17.66,594100
IMAX,2022-04-06,17.42,17.84,17.1,17.459999,17.459999,557700
IMAX,2022-04-07,17.459999,17.6,16.790001,17.040001,17.040001,673400
IMAX,2022-04-08,16.99,17.200001,16.77,16.950001,16.950001,421000
IMAX,2022-04-11,16.76,17.09,16.690001,16.780001,16.780001,687000
IMAX,2022-04-12,16.85,17.299999,16.690001,16.92,16.92,584800
IMAX,2022-04-13,16.99,17.25,16.99,17.08,17.08,368800
IMAX,2022-04-14,17.02,17.32,16.82,16.84,16.84,299800
IMAX,2022-04-18,16.799999,16.99,16.389999,16.67,16.67,511600
IMAX,2022-04-19,16.66,17.0,16.6,16.85,16.85,294000
IMAX,2022-04-20,16.799999,16.84,16.32,16.57,16.57,441600
IMAX,2022-04-21,16.58,16.719999,16.120001,16.200001,16.200001,1175300
IMAX,2022-04-22,16.200001,16.389999,15.92,16.0,16.0,585200
IMAX,2022-04-25,15.81,16.190001,15.7,16.01,16.01,810300
IMAX,2022-04-26,16.01,16.01,15.34,15.39,15.39,784700
IMAX,2022-04-27,15.11,15.61,14.95,15.08,15.08,969400
IMAX,2022-04-28,15.33,15.33,14.65,14.98,14.98,944800
IMAX,2022-04-29,14.15,16.370001,14.0,15.82,15.82,1969100
IMAX,2022-05-02,15.8,16.530001,15.62,16.309999,16.309999,1311700
IMAX,2022-05-03,16.129999,16.65,16.129999,16.5,16.5,967600
IMAX,2022-05-04,16.5,16.84,15.9,16.389999,16.389999,596800
IMAX,2022-05-05,16.24,16.58,15.31,15.58,15.58,538600
IMAX,2022-05-06,15.57,16.040001,14.92,15.83,15.83,639600
IMAX,2022-05-09,15.61,15.84,15.04,15.28,15.28,731000
IMAX,2022-05-10,15.53,15.7,14.87,15.44,15.44,516200
IMAX,2022-05-11,15.53,15.73,14.78,14.86,14.86,599900
IMAX,2022-05-12,14.66,15.5,14.48,15.37,15.37,865000
IMAX,2022-05-13,15.69,16.1,15.59,16.01,16.01,481500
IMAX,2022-05-16,15.83,16.290001,15.58,15.66,15.66,504100
IMAX,2022-05-17,15.98,16.32,15.98,16.110001,16.110001,538300
IMAX,2022-05-18,15.96,16.459999,15.53,15.7,15.7,398800
IMAX,2022-05-19,15.74,16.110001,15.68,15.94,15.94,411600
IMAX,2022-05-20,16.18,16.18,15.47,15.75,15.75,372000
IMAX,2022-05-23,15.89,15.93,15.48,15.68,15.68,347200
IMAX,2022-05-24,15.78,15.79,14.91,15.06,15.06,499300
IMAX,2022-05-25,14.93,15.66,14.76,15.5,15.5,581700
IMAX,2022-05-26,15.57,16.09,15.57,16.07,16.07,646000
IMAX,2022-05-27,16.700001,17.540001,16.629999,17.389999,17.389999,1355800
IMAX,2022-05-31,17.620001,17.76,17.01,17.32,17.32,740200
IMAX,2022-06-01,17.24,17.530001,16.66,17.110001,17.110001,467400
IMAX,2022-06-02,17.139999,17.190001,16.940001,17.09,17.09,304400
IMAX,2022-06-03,16.959999,16.99,16.629999,16.700001,16.700001,386700
IMAX,2022-06-06,16.82,17.280001,16.620001,17.18,17.18,394800
IMAX,2022-06-07,17.07,17.33,16.799999,17.299999,17.299999,290400
IMAX,2022-06-08,17.219999,17.450001,17.1,17.23,17.23,203800
IMAX,2022-06-09,17.16,17.379999,16.530001,16.639999,16.639999,667700
IMAX,2022-06-10,16.4,16.610001,16.01,16.26,16.26,648000
IMAX,2022-06-13,15.48,15.77,14.96,14.99,14.99,601000
IMAX,2022-06-14,14.99,15.38,14.8,15.26,15.26,527300
IMAX,2022-06-15,15.47,15.85,15.38,15.75,15.75,582900
IMAX,2022-06-16,15.43,15.58,15.05,15.08,15.08,725100
IMAX,2022-06-17,15.27,15.31,14.88,14.97,14.97,695100
IMAX,2022-06-21,15.04,15.28,14.84,15.14,15.14,559200
IMAX,2022-06-22,14.93,15.72,14.93,15.5,15.5,608400
IMAX,2022-06-23,15.58,15.65,14.95,15.35,15.35,470200
IMAX,2022-06-24,15.36,16.450001,15.35,16.33,16.33,1379000
IMAX,2022-06-27,16.49,16.690001,16.030001,16.6,16.6,397000
IMAX,2022-06-28,16.73,17.1,16.65,16.83,16.83,809400
IMAX,2022-06-29,16.709999,16.879999,16.33,16.67,16.67,449300
IMAX,2022-06-30,16.629999,17.200001,16.530001,16.889999,16.889999,526300
IMAX,2022-07-01,16.9,17.040001,16.49,16.790001,16.790001,281000
IMAX,2022-07-05,16.549999,16.719999,16.200001,16.709999,16.709999,309500
IMAX,2022-07-06,16.530001,16.67,15.99,16.209999,16.209999,276000
IMAX,2022-07-07,16.370001,16.76,16.299999,16.6,16.6,307700
IMAX,2022-07-08,16.370001,16.65,15.95,16.139999,16.139999,413300
IMAX,2022-07-11,16.059999,16.120001,15.76,15.9,15.9,374000
IMAX,2022-07-12,15.88,16.33,15.88,16.02,16.02,202900
IMAX,2022-07-13,15.77,16.49,15.69,16.450001,16.450001,291800
IMAX,2022-07-14,16.290001,16.4,16.1,16.280001,16.280001,205500
IMAX,2022-07-15,16.459999,16.719999,16.190001,16.639999,16.639999,360600
IMAX,2022-07-18,16.9,17.030001,16.639999,16.73,16.73,305600
IMAX,2022-07-19,16.92,17.77,16.92,17.68,17.68,581600
IMAX,2022-07-20,17.530001,18.18,17.459999,18.09,18.09,500700
IMAX,2022-07-21,17.860001,18.1,17.58,18.1,18.1,333500
IMAX,2022-07-22,18.18,18.18,17.32,17.52,17.52,587300
IMAX,2022-07-25,17.42,17.639999,17.209999,17.48,17.48,379100
IMAX,2022-07-26,17.27,17.379999,17.01,17.01,17.01,304200
IMAX,2022-07-27,17.24,17.4,17.110001,17.209999,17.209999,329200
IMAX,2022-07-28,17.200001,17.49,16.74,17.42,17.42,671500
IMAX,2022-07-29,16.690001,17.219999,15.15,16.809999,16.809999,1016200
IMAX,2022-08-01,16.74,17.209999,16.58,16.950001,16.950001,529900
IMAX,2022-08-02,16.780001,17.17,16.57,16.780001,16.780001,394600
IMAX,2022-08-03,16.93,17.18,16.690001,17.16,17.16,616500
IMAX,2022-08-04,17.25,17.58,17.16,17.440001,17.440001,546500
IMAX,2022-08-05,17.059999,17.059999,16.18,16.67,16.67,698000
IMAX,2022-08-08,16.84,17.24,16.57,16.65,16.65,707200
IMAX,2022-08-09,16.620001,16.620001,15.94,15.96,15.96,393700
IMAX,2022-08-10,16.27,16.77,16.15,16.77,16.77,487400
IMAX,2022-08-11,16.809999,17.049999,16.459999,16.57,16.57,720900
IMAX,2022-08-12,16.77,17.030001,16.700001,16.85,16.85,260500
IMAX,2022-08-15,16.65,16.799999,16.459999,16.57,16.57,228100
IMAX,2022-08-16,16.549999,16.75,16.280001,16.49,16.49,357500
IMAX,2022-08-17,16.290001,16.43,16.110001,16.200001,16.200001,378200
IMAX,2022-08-18,16.280001,16.459999,16.07,16.280001,16.280001,251500
IMAX,2022-08-19,16.030001,16.049999,15.47,15.82,15.82,794100
IMAX,2022-08-22,15.51,15.51,15.05,15.14,15.14,590500
IMAX,2022-08-23,15.15,15.38,15.01,15.05,15.05,379500
IMAX,2022-08-24,15.1,15.69,15.01,15.61,15.61,704000
IMAX,2022-08-25,15.71,16.33,15.69,16.25,16.25,451400
IMAX,2022-08-26,16.17,16.200001,15.57,15.67,15.67,425600
IMAX,2022-08-29,15.52,15.66,15.36,15.51,15.51,467700
IMAX,2022-08-30,15.66,15.66,15.18,15.6,15.6,430800
IMAX,2022-08-31,15.75,15.89,15.49,15.68,15.68,437600
IMAX,2022-09-01,15.59,15.74,15.01,15.21,15.21,383900
IMAX,2022-09-02,15.24,15.27,14.7,14.75,14.75,455600
IMAX,2022-09-06,14.7,14.78,14.39,14.49,14.49,409600
IMAX,2022-09-07,14.5,15.52,14.33,15.48,15.48,767100
IMAX,2022-09-08,15.38,15.91,15.31,15.76,15.76,476700
IMAX,2022-09-09,15.94,16.18,15.93,16.059999,16.059999,366100
IMAX,2022-09-12,16.23,16.459999,16.040001,16.389999,16.389999,403400
IMAX,2022-09-13,15.85,16.120001,15.55,15.68,15.68,431900
IMAX,2022-09-14,15.7,16.16,15.45,16.139999,16.139999,347100
IMAX,2022-09-15,16.07,16.32,15.73,15.88,15.88,293900
IMAX,2022-09-16,15.63,15.71,15.3,15.64,15.64,617900
IMAX,2022-09-19,15.51,15.6,15.2,15.48,15.48,412600
IMAX,2022-09-20,15.3,15.35,14.92,14.99,14.99,550400
IMAX,2022-09-21,14.95,14.96,14.17,14.23,14.23,1344300
IMAX,2022-09-22,14.09,14.16,13.73,13.77,13.77,608400
IMAX,2022-09-23,13.68,13.99,13.44,13.87,13.87,801900
IMAX,2022-09-26,13.83,14.54,13.82,14.03,14.03,785700
IMAX,2022-09-27,14.14,14.69,14.07,14.49,14.49,847500
IMAX,2022-09-28,14.62,14.93,14.47,14.55,14.55,650600
IMAX,2022-09-29,14.35,14.37,13.97,14.36,14.36,370100
IMAX,2022-09-30,14.23,14.66,14.11,14.12,14.12,403500
IMAX,2022-10-03,14.29,14.67,14.12,14.48,14.48,522300
IMAX,2022-10-04,14.79,15.26,14.79,15.24,15.24,408900
IMAX,2022-10-05,14.99,15.1,14.6,15.06,15.06,396300
IMAX,2022-10-06,14.85,15.11,14.81,14.95,14.95,372700
IMAX,2022-10-07,14.74,14.83,14.22,14.62,14.62,465600
IMAX,2022-10-10,14.51,14.52,14.01,14.01,14.01,400300
IMAX,2022-10-11,13.86,14.03,13.42,13.81,13.81,916200
IMAX,2022-10-12,13.71,13.71,13.15,13.43,13.43,653400
IMAX,2022-10-13,13.1,13.84,12.93,13.63,13.63,468500
IMAX,2022-10-14,13.75,13.95,13.42,13.44,13.44,377100
IMAX,2022-10-17,13.74,14.49,13.74,14.02,14.02,614900
IMAX,2022-10-18,14.33,14.52,13.92,14.0,14.0,505700
IMAX,2022-10-19,13.91,14.14,13.8,13.85,13.85,454900
IMAX,2022-10-20,13.88,14.12,13.72,13.85,13.85,425300
IMAX,2022-10-21,13.85,14.11,13.79,14.05,14.05,438600
IMAX,2022-10-24,14.12,14.12,13.54,13.56,13.56,712300
IMAX,2022-10-25,13.5,13.81,13.34,13.51,13.51,785600
IMAX,2022-10-26,13.49,14.14,13.49,13.91,13.91,1389500
IMAX,2022-10-27,14.09,14.4,13.44,13.48,13.48,805200
IMAX,2022-10-28,13.49,13.6,13.16,13.53,13.53,1161000
IMAX,2022-10-31,13.63,13.63,12.59,12.73,12.73,1288000
IMAX,2022-11-01,12.64,13.88,12.37,12.73,12.73,2274500
IMAX,2022-11-02,12.8,12.85,12.23,12.61,12.61,1102800
IMAX,2022-11-03,12.53,12.56,12.13,12.19,12.19,615400
IMAX,2022-11-04,12.6,13.3,12.5,13.21,13.21,807600
IMAX,2022-11-07,13.32,13.97,13.22,13.78,13.78,516200
IMAX,2022-11-08,13.94,14.13,13.51,13.68,13.68,454800
IMAX,2022-11-09,13.39,13.47,12.89,12.93,12.93,394700
IMAX,2022-11-10,13.49,13.73,13.37,13.7,13.7,491200
IMAX,2022-11-11,14.49,14.76,13.94,14.65,14.65,1379500
IMAX,2022-11-14,14.72,15.29,14.65,14.81,14.81,950700
IMAX,2022-11-15,15.14,15.64,15.14,15.38,15.38,675300
IMAX,2022-11-16,15.3,15.58,14.74,14.85,14.85,527900
IMAX,2022-11-17,14.5,14.79,14.34,14.77,14.77,440300
IMAX,2022-11-18,15.0,15.43,14.96,15.04,15.04,841200
IMAX,2022-11-21,14.97,15.1,14.05,14.15,14.15,663000
IMAX,2022-11-22,14.19,14.53,13.96,14.45,14.45,319100
IMAX,2022-11-23,14.67,15.82,14.67,15.78,15.78,1344900
IMAX,2022-11-25,15.74,16.16,15.62,16.129999,16.129999,305900
IMAX,2022-11-28,15.98,16.139999,15.61,15.88,15.88,497500
IMAX,2022-11-29,15.91,16.790001,15.6,16.24,16.24,1256300
IMAX,2022-11-30,16.24,16.98,15.95,16.889999,16.889999,1293200
IMAX,2022-12-01,16.950001,17.299999,16.709999,16.780001,16.780001,651900
IMAX,2022-12-02,16.67,17.799999,16.34,17.719999,17.719999,1283300
IMAX,2022-12-05,17.780001,18.1,16.969999,16.98,16.98,843900
IMAX,2022-12-06,16.93,17.0,15.96,16.15,16.15,1043400
IMAX,2022-12-07,15.99,16.110001,15.66,15.75,15.75,802500
IMAX,2022-12-08,15.98,17.09,15.95,17.049999,17.049999,1134500
IMAX,2022-12-09,17.639999,17.700001,16.4,16.549999,16.549999,865300
IMAX,2022-12-12,16.5,16.540001,15.81,16.040001,16.040001,829000
