Index,title,revenue,Year,VoteAVG,VoteCT,Popularity,Date,Genre
0,Avengers: Endgame,2800000000,2019,8.3,24055,146.438,2019-04-26,Adventure
1,The Lion King,1663075401,2019,7.1,9402,80.841,2019-07-19,Adventure
2,Frozen II,1450000000,2019,7.3,9121,98.549,2019-11-22,Family
3,Spider-Man: Far From Home,1131927996,2019,7.4,14617,85.298,2019-07-02,Action
4,Captain Marvel,1131416446,2019,6.8,14775,105.741,2019-03-08,Action
5,Joker,1074458282,2019,8.2,23642,84.459,2019-10-04,Crime
6,Star Wars: The Rise of Skywalker,1074144248,2019,6.4,9119,58.711,2019-12-20,Adventure
7,Toy Story 4,1073394593,2019,7.5,9158,71.841,2019-06-21,Family
8,Aladdin,1054304000,2019,7.1,9488,48.728,2019-05-24,Adventure
9,Jumanji: The Next Level,801693929,2019,6.9,8007,61.526,2019-12-13,Adventure
10,Fast & Furious Presents: Hobbs & Shaw,760098996,2019,6.9,6676,83.371,2019-08-02,Action
11,Ne Zha,742500000,2019,7.9,367,20.874,2019-08-29,Animation
12,How to Train Your Dragon: The Hidden World,524580592,2019,7.8,5876,79.024,2019-02-22,Animation
13,Maleficent: Mistress of Evil,491730089,2019,7.3,5745,51.049,2019-10-18,Family
14,It Chapter Two,473122525,2019,6.9,8130,72.74,2019-09-06,Horror
15,Pokémon Detective Pikachu,449762638,2019,7.0,6375,37.094,2019-05-10,Action
16,The Secret Life of Pets 2,429434163,2019,7.0,2811,49.621,2019-06-07,Adventure
17,Alita: Battle Angel,404980543,2019,7.2,8521,53.156,2019-02-14,Action
18,1917,394638258,2019,8.0,11491,51.71,2019-12-25,War
19,Godzilla: King of the Monsters,386600138,2019,6.7,5534,85.136,2019-05-31,Science
20,Once Upon a Time… in Hollywood,374251247,2019,7.4,12359,58.111,2019-07-26,Comedy
21,Shazam!,366080049,2019,7.0,8901,44.376,2019-04-05,Action
22,Dumbo,353284621,2019,6.6,4108,49.884,2019-03-29,Family
23,John Wick: Chapter 3 - Parabellum,326709727,2019,7.4,9822,93.385,2019-05-17,Action
24,Knives Out,312897920,2019,7.8,11294,83.957,2019-11-27,Comedy
25,Terminator: Dark Fate,261119292,2019,6.5,4696,62.346,2019-11-01,Science
26,Parasite,257591776,2019,8.5,16646,92.345,2019-10-11,Comedy
27,Us,256067149,2019,7.0,6865,32.107,2019-03-22,Horror
28,Men in Black: International,253890701,2019,5.9,4520,30.784,2019-06-14,Comedy
29,Dark Phoenix,252442974,2019,6.0,5989,49.33,2019-06-07,Fantasy
30,Glass,246999039,2019,6.7,7859,44.265,2019-01-18,TV Movie
31,Annabelle Comes Home,231252591,2019,6.4,3247,50.733,2019-06-26,Horror
32,Better Days,225879065,2019,8.2,364,20.331,2019-11-08,Drama
33,Ford v Ferrari,225508210,2019,8.0,7071,97.167,2019-11-15,Drama
34,Little Women,216601214,2019,7.9,5769,30.785,2019-12-25,Drama
35,The Addams Family,204394183,2019,6.6,2143,46.596,2019-10-11,Family
36,The Lego Movie 2: The Second Part,199603202,2019,6.7,1989,24.239,2019-02-08,Action
37,Downton Abbey,192199131,2019,7.1,1040,23.538,2019-09-20,Drama
38,Abominable,190304772,2019,7.5,1890,39.052,2019-09-27,Family
39,Weathering with You,186965409,2019,8.0,1998,35.779,2020-01-15,Animation
40,Ip Man 4: The Finale,176345966,2019,7.3,1783,15.987,2019-12-25,Action
41,Gemini Man,173469516,2019,6.3,4772,42.822,2019-10-11,Science
42,Spies in Disguise,171616764,2019,7.6,2602,34.052,2019-12-25,Animation
43,Rocketman,167323950,2019,7.3,4319,26.307,2019-05-31,Music
44,Hustlers,157600000,2019,6.5,2772,31.372,2019-09-13,Drama
45,Escape Room,155712077,2019,6.5,4357,29.946,2019-01-04,Horror
46,The Angry Birds Movie 2,147792047,2019,7.1,1530,40.442,2019-08-14,Animation
47,Angel Has Fallen,146661977,2019,6.6,3211,47.365,2019-08-23,Action
48,Ad Astra,127461872,2019,6.1,6191,14.86,2019-09-20,Science
49,Midway,127420861,2019,7.2,2277,38.797,2019-11-08,Action
50,The Upside,125000000,2019,7.1,1150,54.332,2019-01-11,Comedy
51,Zombieland: Double Tap,122801777,2019,7.0,5243,44.113,2019-10-18,Comedy
52,The Curse of La Llorona,122033739,2019,5.7,2257,42.721,2019-04-19,Horror
53,Last Christmas,121550750,2019,7.2,2162,26.328,2019-11-08,Comedy
54,Dora and the Lost City of Gold,120597108,2019,6.7,1590,32.04,2019-08-09,Adventure
55,Wonder Park,119559110,2019,6.5,653,28.164,2019-03-15,Comedy
56,Case Closed: The Fist of Blue Sapphire,115570314,2019,6.2,143,5.433,2021-03-17,Action
57,Pet Sematary,113118226,2019,5.7,3009,55.388,2019-04-05,Horror
58,Good Boys,111037232,2019,6.8,1700,30.498,2019-08-16,Comedy
59,Scary Stories to Tell in the Dark,104545505,2019,6.5,2458,34.697,2019-08-09,Horror
60,The Hustle,97400000,2019,6.2,2343,23.176,2019-05-10,Comedy
61,Five Feet Apart,92600000,2019,8.3,5292,46.864,2019-03-15,Romance
62,Crawl,91542097,2019,6.3,2892,27.558,2019-07-12,TV Movie
63,Rambo: Last Blood,91490353,2019,6.5,3578,51.518,2019-09-20,Action
64,Yesterday,88092097,2019,6.7,3657,25.994,2019-06-28,Comedy
65,Jojo Rabbit,82468705,2019,8.0,8816,44.946,2019-10-18,Comedy
66,A Dog's Journey,78871079,2019,8.1,1377,43.509,2019-05-17,Family
67,Cold Pursuit,76419755,2019,5.8,2389,53.41,2019-02-08,Comedy
68,A Madea Family Funeral,74747725,2019,5.9,474,18.31,2019-03-01,Comedy
69,Cats,73515024,2019,4.1,894,20.436,2019-12-20,Fantasy
70,Charlie's Angels,73279888,2019,6.5,2773,34.571,2019-11-15,Action
71,Doctor Sleep,72381712,2019,7.2,4026,32.5,2019-11-08,Horror
72,What Men Want,69766483,2019,6.2,1334,33.561,2019-02-08,Comedy
73,After,69500000,2019,7.1,7859,132.999,2019-04-12,Romance
74,Playing with Fire,69412425,2019,6.7,620,21.73,2019-11-08,Family
75,A Beautiful Day in the Neighborhood,67925733,2019,7.0,1465,22.974,2019-11-22,Drama
76,White Snake,61631776,2019,7.7,416,31.7,2019-11-29,Romance
77,Bombshell,61404394,2019,6.8,2777,31.521,2019-12-13,Drama
78,Ashfall,61321941,2019,6.8,516,29.885,2019-12-20,Action
79,Ready or Not,57615777,2019,7.1,3972,40.169,2019-08-21,Comedy
80,Kabir Singh,55478164,2019,6.5,122,13.889,2019-06-20,Drama
81,Hellboy,55065289,2019,5.6,3144,39.417,2019-04-12,Fantasy
82,Saaho,55000000,2019,6.0,73,9.436,2019-08-30,Action
83,Ma,51749995,2019,5.8,2056,26.501,2019-05-31,Horror
84,Just Mercy,50401502,2019,7.9,2060,23.635,2019-12-25,Drama
85,Uncut Gems,50020902,2019,7.1,4311,33.012,2019-12-13,Drama
86,21 Bridges,49939757,2019,6.8,1802,25.164,2019-11-22,Crime
87,Breakthrough,49200000,2019,7.6,992,28.997,2019-04-18,Drama
88,Isn't It Romantic,48800000,2019,6.2,3354,26.43,2019-02-13,Comedy
89,The Legend of Hei,48045728,2019,8.4,310,26.2,2021-04-20,Animation
90,Countdown,48021766,2019,6.3,1945,27.751,2019-10-25,Horror
91,Midsommar,47969371,2019,7.2,6319,49.036,2019-08-30,Horror
92,Queen & Slim,47803176,2019,7.2,634,17.33,2019-11-27,Drama
93,47 Meters Down: Uncaged,47582563,2019,5.7,1295,24.324,2019-08-16,Horror
94,Child's Play,44902237,2019,6.0,1776,26.548,2019-06-21,Horror
95,A Shaun the Sheep Movie: Farmageddon,42880428,2019,6.9,457,19.588,2020-02-10,Comedy
96,The Grudge,42800000,2019,5.5,1110,20.36,2020-01-03,Horror
97,The Intruder,40600000,2019,6.0,536,24.487,2019-05-03,TV Movie
98,Fighting with My Family,39055536,2019,6.9,1575,24.78,2019-02-14,Comedy
99,Judy,38981322,2019,6.7,1099,17.931,2019-09-27,Drama
100,Pain and Glory,37359689,2019,7.4,1665,15.757,2019-10-04,Drama
101,The Queen's Corgi,35515687,2019,6.0,389,20.494,2020-01-24,Family
102,Richard Jewell,33904605,2019,7.4,2304,22.513,2019-12-13,Drama
103,The Good Liar,33856058,2019,6.7,1025,18.133,2019-11-15,Crime
104,The Art of Racing in the Rain,33766787,2019,8.2,1330,60.592,2019-08-09,Drama
105,Brightburn,33224654,2019,6.1,2890,43.104,2019-05-24,Horror
106,UglyDolls,32450241,2019,6.7,406,23.302,2019-05-03,Family
107,Stuber,32400000,2019,6.7,1186,20.196,2019-07-12,Action
108,The Kid Who Would Be King,32140970,2019,6.1,680,21.038,2019-01-25,Action
109,Anna,31626978,2019,6.7,2432,39.381,2019-06-21,TV Movie
110,My Hero Academia: Heroes Rising,29900850,2019,8.2,1091,29.198,2020-02-26,Animation
111,Pokémon the Movie: Mewtwo Strikes Back - Evolution,26654184,2019,6.7,472,34.47,2019-07-04,Animation
112,Missing Link,26565710,2019,7.0,782,15.553,2019-04-12,Family
113,"The Gangster, the Cop, the Devil",25775371,2019,7.8,849,82.794,2019-10-01,Crime
114,Happy Death Day 2U,25327500,2019,6.3,3159,31.788,2019-02-13,Comedy
115,Booksmart,24849029,2019,7.0,2421,24.081,2019-05-24,Comedy
116,Skyfire,24800000,2019,6.4,240,17.933,2021-01-12,Action
117,A Rainy Day in New York,23800000,2019,6.5,2097,1.607,2020-10-09,Comedy
118,The Farewell,23076657,2019,7.4,1289,14.491,2019-07-12,Comedy
119,Black and Blue,22741061,2019,6.8,774,22.708,2019-10-25,Action
120,Late Night,22384741,2019,6.4,735,14.579,2019-06-07,Comedy
121,Unplanned,21600000,2019,7.1,197,10.355,2019-03-21,Drama
122,Shaft,21360215,2019,6.5,1586,22.852,2019-06-14,Action
123,The Prodigy,21150265,2019,6.1,911,25.9,2019-02-08,Horror
124,Fate/stay night: Heaven's Feel II. Lost Butterfly,19790000,2019,6.9,212,23.115,2019-03-14,Animation
125,Black Christmas,18529730,2019,4.6,497,18.256,2019-12-13,Horror
126,Motherless Brooklyn,18377736,2019,6.7,1327,22.547,2019-11-01,Drama
127,Blinded by the Light,18144644,2019,6.9,532,14.09,2019-08-14,Drama
128,The Lighthouse,18129854,2019,7.5,4413,31.656,2019-10-18,Drama
129,A Dog's Way Home,17643857,2019,7.3,1018,29.747,2019-01-11,Drama
130,Little,17399000,2019,6.8,662,16.973,2019-04-12,Comedy
131,Pinocchio,17133446,2019,6.6,1430,23.485,2020-12-25,Drama
132,Hotel Mumbai,16872691,2019,7.5,1387,25.505,2019-03-22,TV Movie
133,"Hello, Love, Goodbye",16800000,2019,6.4,105,11.497,2019-08-09,Romance
134,Father There Is Only One,15894372,2019,7.7,684,25.783,2019-08-02,Comedy
135,The Dead Don't Die,15800000,2019,5.4,2330,19.2,2019-06-14,Comedy
136,Miss Bala,15200000,2019,6.4,487,22.414,2019-02-01,Action
137,Serenity,14500000,2019,5.4,1429,20.978,2019-01-25,TV Movie
138,La Belle Époque,13935410,2019,7.4,916,35.081,2020-10-02,Comedy
139,Dark Waters,13601384,2019,7.5,1889,22.021,2019-11-22,Drama
140,The Cabin House,13000000,2019,0.0,0,1.613,2019-10-31,Horror
141,The Wolf's Call,12652790,2019,7.5,1837,26.636,2019-06-20,TV Movie
142,Trouble,12127842,2019,6.7,192,23.917,2021-05-28,Animation
143,The Invincible Dragon,12000000,2019,4.6,23,6.262,2020-10-06,Action
144,I Can Quit Whenever I Want,11788968,2019,6.3,155,7.56,2019-09-04,Comedy
145,The Divine Fury,11750306,2019,6.7,224,13.951,2019-08-16,Action
146,The Personal History of David Copperfield,11620337,2019,6.5,421,16.727,2020-08-28,Comedy
147,Arctic Dogs,11285154,2019,6.1,119,15.05,2019-11-01,Animation
148,Gloria Bell,11145006,2019,5.9,291,14.584,2019-03-08,Drama
149,Violet Evergarden: Eternity and the Auto Memory Doll,10841702,2019,8.2,322,29.364,2020-02-17,Drama
150,Red Shoes and the Seven Dwarfs,10054356,2019,7.8,1003,37.523,2020-09-18,Animation
151,Portrait of a Lady on Fire,9923127,2019,8.2,2236,29.849,2019-12-06,Drama
152,Jexi,9341824,2019,6.8,1100,33.349,2019-10-11,Comedy
153,The Aftermath,9215591,2019,6.4,609,19.358,2019-03-15,War
154,Captive State,8808611,2019,5.6,1051,18.246,2019-03-15,Science
155,Sorry We Missed You,8766149,2019,7.4,658,16.462,2020-03-06,Drama
156,The Panti Sisters,8727994,2019,5.1,10,2.247,2019-10-20,Comedy
157,Iron Mask,8685794,2019,6.2,389,29.622,2020-11-20,Action
158,Tolkien,8654322,2019,7.0,1290,17.737,2019-05-10,War
159,Poms,8600192,2019,6.5,198,13.226,2019-05-10,Comedy
160,Riders of Justice,679505,2020,7.3,704,21.871,2021-05-14,Action
161,Cranston Academy: Monster Zone,641308,2020,6.1,93,18.022,2021-02-09,Adventure
162,Force of Nature,638221,2020,5.2,470,19.34,2020-06-30,Action
163,Songbird,620836,2020,6.3,684,22.869,2020-12-11,TV Movie
164,The Secrets We Keep,615233,2020,6.0,225,13.948,2020-09-16,TV Movie
165,The Superdeep,596370,2020,6.0,218,18.721,2020-11-04,Horror
166,My Heart Goes Boom!,580759,2020,6.4,64,5.886,2021-03-07,Comedy
167,Followed,548608,2020,6.1,74,8.503,2020-06-19,Horror
168,Tell Me When,539584,2020,6.5,53,4.394,2021-04-21,Drama
169,Sound of Metal,516520,2020,7.7,2289,19.219,2020-11-20,Drama
170,Summerland,504296,2020,7.6,182,14.749,2020-07-31,Drama
171,Spell,500104,2020,6.5,356,16.575,2020-10-30,TV Movie
172,Pixie,479317,2020,5.7,98,13.02,2021-03-05,Comedy
173,Tesla,459051,2020,5.9,284,18.714,2020-08-15,History
174,Resistance,449753,2020,7.0,383,39.109,2020-03-08,War
175,Don't Listen,443458,2020,6.5,696,20.308,2020-11-27,Drama
176,Endless,439418,2020,6.8,198,17.448,2020-08-14,Romance
177,Behind You,438694,2020,4.6,34,6.941,2020-04-17,Horror
178,Never Rarely Sometimes Always,407807,2020,7.2,472,11.196,2020-03-13,Drama
179,The Mole Agent,401983,2020,7.9,207,8.792,2020-01-23,Documentary
180,Greenland,52300000,2020,7.1,4082,70.74,2020-12-18,Action
181,Vanguard,50866901,2020,6.3,462,44.36,2021-02-05,Comedy
182,Fantasy Island,49500000,2020,5.8,2271,18.795,2020-02-27,Horror
183,Trolls World Tour,49300000,2020,7.3,1949,85.135,2020-04-10,Family
184,The New Mutants,49169594,2020,6.1,3142,33.577,2020-08-28,Science
185,After We Collided,48000000,2020,7.2,5097,105.404,2020-10-23,Romance
186,The War with Grandpa,43387445,2020,6.4,857,26.501,2020-10-09,Comedy
187,Peninsula,42698327,2020,6.8,2201,35.746,2020-08-07,Horror
188,Monster Hunter,42145959,2020,6.6,3054,55.004,2020-12-18,Action
189,Underwater,40882928,2020,6.3,2842,31.556,2020-01-10,Horror
190,Bloodshot,39861118,2020,6.8,4720,38.451,2020-03-13,Action
191,Unhinged,39238300,2020,6.5,2048,25.567,2020-08-21,Action
192,Honest Thief,31220247,2020,6.5,1573,29.951,2020-10-16,TV Movie
193,Roald Dahl's The Witches,29303571,2020,6.4,2605,57.592,2020-10-22,Family
194,Scoob!,28588425,2020,7.1,1589,41.147,2020-05-15,Animation
195,Like a Boss,26925979,2020,6.3,601,22.163,2020-01-07,Comedy
196,The Courier,26000000,2020,7.0,977,25.158,2021-03-19,TV Movie
197,Emma.,25155355,2020,7.0,1581,30.929,2020-02-21,Comedy
198,Digimon Adventure: Last Evolution Kizuna,24200000,2020,8.1,222,25.997,2020-03-25,Animation
199,Gretel & Hansel,22304357,2020,6.0,1285,24.564,2020-01-31,Fantasy
200,Another Round,21700000,2020,7.7,2831,25.376,2020-12-18,Comedy
201,The Father,21029340,2020,8.1,2824,33.618,2021-02-26,Drama
202,The Photograph,20690779,2020,6.5,191,11.427,2020-02-14,Drama
203,Violet Evergarden: The Movie,20339624,2020,8.3,356,37.645,2021-03-30,Animation
204,Brahms: The Boy II,20311536,2020,6.0,1171,24.219,2020-02-20,Horror
205,Fate/stay night: Heaven's Feel III. Spring Song,20150000,2020,7.8,156,20.759,2020-11-18,Animation
206,The Turning,19428166,2020,5.8,914,23.511,2020-01-24,Horror
207,I Still Believe,16069730,2020,7.6,1094,22.396,2020-03-13,Music
208,Freaky,15104310,2020,6.6,1447,18.781,2020-11-13,Comedy
209,The Way Back,14590514,2020,6.6,1029,14.567,2020-03-06,Drama
210,Promising Young Woman,13868965,2020,7.5,2835,30.394,2020-12-25,TV Movie
211,#Alive,13416285,2020,7.3,1595,32.07,2020-09-08,Horror
212,Fire,12916151,2020,8.3,151,10.114,2021-07-20,Action
213,News of the World,12668325,2020,7.0,1604,18.055,2020-12-25,Drama
214,Howling Village,12175665,2020,6.0,78,12.171,2021-08-13,Horror
215,Malang,11136444,2020,7.1,46,5.812,2020-02-07,Romance
216,Aline,11131254,2020,6.7,308,10.098,2022-01-21,Music
217,Aline,11131254,2020,6.7,308,10.098,2022-01-21,Music
218,Bigfoot Family,10855626,2020,7.1,174,28.094,2021-02-26,Animation
219,One Second,10791301,2020,7.6,79,9.656,2022-05-01,Drama
220,Impractical Jokers: The Movie,10700000,2020,6.6,135,9.549,2020-02-21,Comedy
221,The Hunt,10550350,2020,6.6,2893,34.772,2020-03-13,Action
222,Lost Generation,10000000,2020,0.0,0,1.356,2020-11-12,War
223,100% Wolf,9750139,2020,6.0,274,24.413,2020-12-01,Animation
224,365 Days,9458590,2020,7.1,8483,37.617,2020-06-09,Romance
225,Break the Silence: The Movie,8954945,2020,9.2,175,6.551,2020-09-24,Music
226,Come Play,8119285,2020,6.4,593,19.957,2020-10-30,Horror
227,Let Him Go,7997460,2020,6.8,567,23.446,2020-11-06,Drama
228,The Heist of the Century,7627100,2020,7.8,713,31.788,2020-08-14,Comedy
229,Downhill,7547254,2020,5.3,253,15.62,2020-02-14,Drama
230,Antebellum,7060384,2020,6.3,837,16.5,2020-09-18,Horror
231,Bill & Ted Face the Music,6274027,2020,5.9,819,20.323,2020-08-28,Comedy
232,The Rhythm Section,5989583,2020,5.5,551,20.322,2020-01-31,Action
233,Mama Weed,5460628,2020,5.9,237,13.391,2021-07-16,Crime
234,Run,5184368,2020,7.3,2282,25.808,2020-10-08,TV Movie
235,Made in Abyss: Dawn of the Deep Soul,4971635,2020,7.9,192,22.701,2020-09-11,Animation
236,The Empty Man,4796993,2020,6.1,672,24.961,2020-10-23,Horror
237,The SpongeBob Movie: Sponge on the Run,4700000,2020,7.5,2724,69.712,2021-03-04,Family
238,My Spy,4418501,2020,6.9,1045,20.722,2020-06-26,Family
239,The Rental,4296804,2020,5.5,798,18.844,2020-07-24,Horror
240,Rams,4155492,2020,6.2,58,10.125,2021-02-05,Drama
241,Persian Lessons,3825668,2020,7.7,343,15.156,2023-06-09,War
242,Yakari: A Spectacular Journey,3790930,2020,5.9,39,7.283,2021-10-26,Animation
243,SHIROBAKO The Movie,3780000,2020,7.2,15,47.249,2021-08-10,Animation
244,The Wretched,3758846,2020,6.1,566,14.444,2020-05-01,Horror
245,Fate/Grand Order the Movie: Divine Realm of the Round Table: Camelot Wandering; Agateram,3607899,2020,7.2,57,21.233,2021-12-14,Animation
246,Summer of 85,3600000,2020,7.4,723,14.522,2021-06-18,Romance
247,Follow Me,3551439,2020,6.3,436,20.518,2020-09-18,Horror
248,Radioactive,3507755,2020,6.6,744,16.484,2020-07-24,Drama
249,Zola,3500000,2020,6.1,197,15.156,2020-01-24,Comedy
250,The Last Full Measure,3364426,2020,7.5,405,16.262,2020-01-24,Drama
251,The Secret: Dare to Dream,3215636,2020,7.3,536,23.781,2020-07-31,Drama
252,Ava,2987741,2020,5.8,2361,44.786,2020-09-25,Action
253,Relic,2902552,2020,6.0,656,13.161,2020-07-03,Horror
254,The Lodge,2679585,2020,6.1,1136,21.297,2020-02-07,Drama
255,Supernova,2506542,2020,7.0,283,15.771,2021-01-29,Romance
256,Escape from Pretoria,2431995,2020,7.3,1150,25.89,2020-03-06,Drama
257,High Ground,2313364,2020,6.5,81,8.159,2021-05-14,TV Movie
258,The Craft: Legacy,2300000,2020,6.2,719,24.382,2020-10-28,Horror
259,The Outpost,2133452,2020,6.9,935,27.759,2020-07-03,War
260,Mandibles,2044087,2020,6.3,479,10.767,2021-03-12,Comedy
261,All My Life,2000000,2020,7.9,447,18.562,2020-12-04,Romance
262,Boss Level,2000000,2020,6.9,1482,25.253,2020-02-11,Action
263,PAW Patrol: Jet to the Rescue,1792816,2020,7.0,158,23.068,2020-09-08,Family
264,Come Away,1746860,2020,5.8,261,16.668,2020-11-13,Fantasy
265,Joe Bell,1736318,2020,6.6,184,24.781,2021-07-23,Drama
266,Chervonyi. No Front Line,1700000,2020,0.0,0,0.606,2020-08-01,Drama
267,Little Vampire,1680146,2020,7.0,32,4.835,2021-09-21,Animation
268,Fatman,1651413,2020,5.5,743,20.897,2020-11-13,Action
269,Minamata,1623809,2020,7.0,238,16.758,2021-12-15,Drama
270,The Swordsman,1516150,2020,7.6,193,224.767,2021-02-16,Action
271,DeMarcus Cousins Presents Boogie's Comedy Slam,1500000,2020,7.3,3,4.112,2020-07-20,Comedy
272,Happiest Season,1401954,2020,7.3,1052,22.382,2020-11-17,Romance
273,Ammonite,1396905,2020,7.1,498,20.627,2020-11-13,Romance
274,The Assistant,1338881,2020,6.3,404,15.043,2020-01-31,Drama
275,The Perfect Candidate,1338195,2020,6.6,86,10.58,2021-05-14,Drama
276,Wolfwalkers,1266570,2020,8.2,1041,30.043,2020-11-13,Animation
277,Think Like a Dog,1239498,2020,6.6,147,18.93,2020-06-09,Family
278,Think Like a Dog,1239498,2020,6.6,147,18.93,2020-06-09,Family
279,The Nest,1200000,2020,6.0,282,16.611,2020-09-18,Drama
280,True to the Game 2,1181823,2020,6.9,15,3.825,2020-11-06,TV Movie
281,Love and Monsters,1122066,2020,7.3,3676,33.232,2020-10-16,Comedy
282,Black Water: Abyss,1117982,2020,5.2,399,35.03,2020-08-07,Horror
283,Misbehaviour,1073290,2020,6.4,244,14.001,2020-09-25,Drama
284,Shadow in the Cloud,1054290,2020,5.8,866,43.28,2021-01-01,Horror
285,Becky,1045873,2020,6.3,463,32.652,2020-06-05,TV Movie
286,Synchronic,1019041,2020,6.3,804,21.736,2020-10-23,Science
287,Babyteeth,989310,2020,6.9,300,15.876,2020-06-19,Drama
288,The Tax Collector,942666,2020,5.7,425,22.575,2020-08-07,Action
289,Riverdance 25th Anniversary Show,932063,2020,7.6,5,1.193,2020-03-15,Music
290,Horizon Line,916042,2020,5.7,324,21.805,2021-01-12,TV Movie
291,Possessor,911000,2020,6.4,751,22.483,2020-10-02,Horror
292,The Secret Garden,889816,2020,6.4,535,20.333,2020-08-14,Family
293,Capone,858281,2020,5.0,326,14.298,2020-05-12,Crime
294,Guns Akimbo,835102,2020,6.4,2078,22.618,2020-02-28,Action
295,Kajillionaire,829900,2020,6.3,396,19.225,2020-09-25,Crime
296,The Call,791762,2020,5.5,145,16.215,2020-10-02,Horror
297,Shortcut,769563,2020,5.6,91,10.992,2020-09-25,Horror
298,The Vigil,742476,2020,5.8,354,13.93,2021-02-26,Horror
299,Block Z,709452,2020,8.0,8,2.76,2020-03-13,Action
300,Riders of Justice,679505,2020,7.3,704,21.871,2021-05-14,Action
301,Cranston Academy: Monster Zone,641308,2020,6.1,93,18.022,2021-02-09,Adventure
302,Force of Nature,638221,2020,5.2,470,19.34,2020-06-30,Action
303,Songbird,620836,2020,6.3,684,22.869,2020-12-11,TV Movie
304,The Secrets We Keep,615233,2020,6.0,225,13.948,2020-09-16,TV Movie
305,The Superdeep,596370,2020,6.0,218,18.721,2020-11-04,Horror
306,My Heart Goes Boom!,580759,2020,6.4,64,5.886,2021-03-07,Comedy
307,Followed,548608,2020,6.1,74,8.503,2020-06-19,Horror
308,Tell Me When,539584,2020,6.5,53,4.394,2021-04-21,Drama
309,Sound of Metal,516520,2020,7.7,2289,19.219,2020-11-20,Drama
310,Summerland,504296,2020,7.6,182,14.749,2020-07-31,Drama
311,Spell,500104,2020,6.5,356,16.575,2020-10-30,TV Movie
312,Pixie,479317,2020,5.7,98,13.02,2021-03-05,Comedy
313,Tesla,459051,2020,5.9,284,18.714,2020-08-15,History
314,Resistance,449753,2020,7.0,383,39.109,2020-03-08,War
315,Don't Listen,443458,2020,6.5,696,20.308,2020-11-27,Drama
316,Endless,439418,2020,6.8,198,17.448,2020-08-14,Romance
317,Behind You,438694,2020,4.6,34,6.941,2020-04-17,Horror
318,Never Rarely Sometimes Always,407807,2020,7.2,472,11.196,2020-03-13,Drama
319,The Mole Agent,401983,2020,7.9,207,8.792,2020-01-23,Documentary
320,Lamb,3189087,2021,6.5,716,20.247,2021-10-08,Drama
321,Cyrano,3000000,2021,6.5,256,15.532,2021-12-17,Drama
322,The House Next Door: Meet the Blacks 2,2893660,2021,5.4,44,9.115,2021-06-11,Comedy
323,The Burning Sea,2836382,2021,6.7,200,28.243,2022-02-25,Action
324,Benedetta,2652725,2021,6.7,870,31.11,2021-12-03,Drama
325,The Eyes of Tammy Faye,2404127,2021,6.6,515,17.469,2021-09-17,Drama
326,Land,2375190,2021,6.7,223,18.556,2021-02-12,Drama
327,Red Rocket,2200000,2021,6.7,339,10.908,2021-12-10,Drama
328,"Paris, 13th District",2200000,2021,7.0,263,17.482,2022-04-15,Drama
329,A Family,2168905,2021,7.2,54,13.096,2021-06-18,Crime
330,American Traitor: The Trial of Axis Sally,2011012,2021,5.8,63,14.295,2021-05-28,History
331,The Deep House,1900000,2021,6.1,881,34.411,2021-11-05,Horror
332,The Summit of the Gods,1756552,2021,7.9,298,11.795,2021-11-24,Animation
333,CODA,1600000,2021,8.0,1958,84.641,2021-08-13,Drama
334,Even Mice Belong in Heaven,1505235,2021,6.8,19,8.656,2021-12-10,Adventure
335,The Last Letter from Your Lover,1451974,2021,7.5,535,26.299,2021-07-23,Drama
336,The Alpinist,1218734,2021,7.6,114,12.454,2021-09-07,Documentary
337,God's Not Dead: We The People,1200000,2021,7.0,109,28.715,2021-10-04,Drama
338,Garcia & Garcia,1163538,2021,5.4,57,5.678,2021-08-27,Comedy
339,BanG Dream! Episode of Roselia I: Promise,1128578,2021,5.9,4,1.61,2021-05-22,Animation
340,Army of the Dead,190700000,2021,6.2,3674,50.821,2021-05-14,Action
341,Cliff Walkers,172919448,2021,6.9,72,13.775,2021-04-30,TV Movie
342,The Suicide Squad,168717425,2021,7.6,7804,93.123,2021-08-06,Action
343,Space Jam: A New Legacy,163692228,2021,6.8,3759,63.1,2021-07-16,Family
344,The Matrix Resurrections,156497322,2021,6.5,5126,72.282,2021-12-22,Science
345,House of Gucci,153235995,2021,6.6,2811,33.257,2021-11-24,Drama
346,Peter Rabbit 2: The Runaway,153000000,2021,7.2,722,39.681,2021-06-18,Family
347,A Writer's Odyssey,150123320,2021,7.3,236,33.286,2021-12-30,Fantasy
348,The Boss Baby: Family Business,146745280,2021,7.4,2318,77.573,2021-07-02,Animation
349,PAW Patrol: The Movie,144327371,2021,7.4,1161,102.057,2021-08-20,Animation
350,Tom & Jerry,136536687,2021,6.8,2313,50.658,2021-02-26,Comedy
351,Halloween Kills,133423964,2021,6.5,2432,42.211,2021-10-15,Horror
352,Raya and the Last Dragon,130423032,2021,7.9,6333,71.026,2021-03-05,Animation
353,The King's Man,125928656,2021,6.8,3994,65.589,2021-12-22,Action
354,The Addams Family 2,119815153,2021,7.0,1183,46.034,2021-10-01,Animation
355,My Love,114000000,2021,6.8,13,6.241,2021-05-07,Romance
356,Clifford the Big Red Dog,107347356,2021,7.2,1626,57.487,2021-11-10,Family
357,Wrath of Man,103966489,2021,7.7,4712,138.158,2021-05-07,Crime
358,Evangelion: 3.0+1.0 Thrice Upon a Time,92300000,2021,8.3,704,33.371,2023-09-15,Animation
359,Old,90146510,2021,6.4,3920,48.253,2021-07-23,TV Movie
360,Green Snake,87212911,2021,8.3,272,21.505,2021-12-01,Animation
361,Mortal Kombat,84426031,2021,7.1,5460,53.395,2021-04-23,Action
362,Candyman,77411570,2021,6.0,1407,31.034,2021-08-27,Horror
363,The Forever Purge,76994245,2021,7.0,2262,67.202,2021-07-02,Horror
364,West Side Story,74530532,2021,7.0,1362,27.109,2021-12-10,Drama
365,Hitman's Wife's Bodyguard,70060492,2021,6.7,1996,42.58,2021-06-16,Action
366,Escape Room: Tournament of Champions,65774490,2021,6.6,1789,38.997,2021-07-16,Horror
367,Belle,63501160,2021,7.8,642,26.691,2022-01-14,Animation
368,Nobody,61779301,2021,8.0,6314,60.339,2021-03-26,Action
369,Ron's Gone Wrong,60692022,2021,8.0,1664,39.682,2021-10-22,Animation
370,Cloudy Mountain,58340541,2021,7.4,170,22.919,2021-10-22,Action
371,Don't Breathe 2,53785551,2021,7.1,2284,38.357,2021-08-13,TV Movie
372,Luca,49750471,2021,7.9,7715,81.769,2021-06-18,Animation
373,Belfast,49158343,2021,7.1,1270,20.576,2021-11-12,Drama
374,Army of Thieves,46900000,2021,6.9,1778,46.643,2021-10-27,Action
375,The French Dispatch,46333545,2021,7.1,2269,27.49,2021-10-22,Drama
376,In the Heights,43000000,2021,7.2,645,22.766,2021-06-10,Drama
377,Resident Evil: Welcome to Raccoon City,41914915,2021,6.0,2207,73.315,2021-11-24,Horror
378,Spiral: From the Book of Saw,40618920,2021,6.0,1749,77.737,2021-05-14,Horror
379,Nightmare Alley,39629195,2021,7.0,2577,55.268,2022-01-14,Crime
380,King Richard,39429285,2021,7.7,2120,34.202,2021-11-19,Drama
381,My Hero Academia: World Heroes' Mission,38410729,2021,7.6,442,39.098,2021-10-29,Animation
382,"Summer of Soul (...Or, When the Revolution Could Not Be Televised)",37000000,2021,7.7,163,13.188,2021-07-02,Music
383,Snake Eyes: G.I. Joe Origins,36964325,2021,6.5,1409,47.116,2021-07-23,Action
384,Malignant,34891791,2021,6.8,2054,34.616,2021-09-10,Mystery
385,Rurouni Kenshin: The Final,33457923,2021,7.7,415,34.926,2021-06-18,Action
386,Licorice Pizza,33273940,2021,7.0,1965,29.341,2021-11-26,Drama
387,Respect,31217372,2021,6.8,361,19.539,2021-08-13,Drama
388,The Unholy,30833138,2021,6.7,2002,37.31,2021-04-02,Horror
389,The Last Duel,30500000,2021,7.5,3003,40.799,2021-10-15,History
390,The Little Things,29942746,2021,6.3,2190,42.015,2021-01-29,Crime
391,Escape from Mogadishu,29855981,2021,7.1,126,18.094,2021-08-06,War
392,The Last Warrior: Root of Evil,27658331,2021,7.0,145,43.055,2021-05-28,Fantasy
393,Chaos Walking,26508132,2021,6.6,2102,30.321,2021-03-05,Fantasy
394,Wish Dragon,25860000,2021,8.0,1179,50.973,2021-06-11,Animation
395,American Underdog,25000000,2021,7.3,228,22.165,2021-12-25,Drama
396,Those Who Wish Me Dead,23384502,2021,6.7,1400,49.437,2021-05-14,TV Movie
397,The Marksman,23076711,2021,6.9,1440,44.216,2021-01-15,Action
398,Last Night in Soho,22957625,2021,7.4,2901,35.599,2021-10-29,Mystery
399,After We Fell,21800000,2021,7.1,2373,114.344,2021-09-30,Romance
400,Octonauts and The Ring of Fire,20000000,2021,6.4,9,6.661,2021-03-30,Family
401,Stillwater,19754272,2021,6.7,1045,32.751,2021-07-30,Drama
402,Dear Evan Hansen,19200000,2021,6.3,277,19.662,2021-09-24,Drama
403,The Green Knight,18888418,2021,6.6,1628,27.21,2021-12-10,Adventure
404,Antlers,18867659,2021,6.3,977,29.096,2021-10-29,Drama
405,Reminiscence,18717947,2021,6.7,1579,28.803,2021-08-20,Mystery
406,Sinkhole,17970000,2021,7.1,107,24.333,2021-08-22,Comedy
407,Spirit Untamed,17635215,2021,7.2,476,38.674,2021-06-04,Animation
408,The Dry,17424378,2021,6.8,522,18.077,2021-05-21,Crime
409,"Dad, I'm Sorry",17130489,2021,7.3,6,1.794,2021-05-28,Comedy
410,Cry Macho,16481544,2021,6.0,900,21.926,2021-09-17,Drama
411,Gintama: The Very Final,15486691,2021,8.3,52,8.78,2021-11-21,Animation
412,Drive My Car,15308325,2021,7.4,1062,24.738,2021-11-24,Drama
413,The Wolf and the Lion,15300000,2021,7.5,369,12.417,2022-02-04,Family
414,Nomadland,14784114,2021,7.2,2697,24.379,2021-01-29,Drama
415,The Night House,14590542,2021,6.6,975,22.488,2021-08-20,Drama
416,The Tomorrow War,14400000,2021,7.6,2896,90.259,2021-06-30,Action
417,Sword Art Online the Movie -Progressive- Aria of a Starless Night,14037060,2021,7.8,255,29.538,2021-12-03,Animation
418,Spencer,14000000,2021,6.9,1490,18.129,2021-11-05,Drama
419,Christmas with The Chosen: The Messengers,13700000,2021,7.0,3,2.711,2021-12-01,Fiction
420,The School of the Magical Animals,13128530,2021,6.1,57,15.905,2023-03-24,Family
421,The Many Saints of Newark,13037403,2021,6.4,569,25.949,2021-10-01,Crime
422,The Monkey King: Reborn,13000000,2021,7.1,267,483.367,2021-12-07,Animation
423,Eiffel,13000000,2021,6.3,576,15.786,2022-04-08,Romance
424,Hostage: Missing Celebrity,13000000,2021,7.0,25,8.587,2021-09-26,Action
425,Minari,12886100,2021,7.4,1421,23.103,2021-02-12,Drama
426,The Worst Person in the World,11800000,2021,7.6,1071,28.327,2022-02-04,Drama
427,AINBO: Spirit of the Amazon,10237061,2021,7.0,412,31.247,2022-11-08,Adventure
428,Black Box,9738741,2021,7.4,953,18.694,2022-04-09,Mystery
429,The Vault,8804000,2021,6.8,819,35.178,2021-03-26,Drama
430,The Protégé,8639684,2021,6.6,859,25.922,2021-08-20,Action
431,The Mauritanian,7527030,2021,7.4,949,18.786,2021-02-12,Drama
432,The Ice Road,7502846,2021,6.9,1518,24.31,2021-06-25,Action
433,SIGNAL: The Movie – Cold Case Investigation Unit,7388603,2021,6.0,5,6.841,2022-03-15,Mystery
434,The Medium,7230000,2021,7.1,563,34.506,2021-10-14,Horror
435,Pil's Adventures,6813652,2021,6.7,163,23.351,2022-08-09,Animation
436,Copshop,6807158,2021,6.2,648,30.376,2021-09-17,TV Movie
437,Chernobyl: Abyss,6459306,2021,6.2,453,45.672,2022-04-15,Drama
438,Dream Horse,6435260,2021,7.0,103,12.459,2021-05-21,Comedy
439,Judas and the Black Messiah,6416063,2021,7.4,1367,29.761,2021-02-12,Drama
440,A Journal for Jordan,6200000,2021,7.2,91,12.913,2021-12-25,Drama
441,The Laws of the Universe: The Age of Elohim,5928973,2021,2.3,3,3.069,2021-10-22,Animation
442,The Ambush,5218666,2021,6.4,31,9.694,2022-10-28,War
443,The Card Counter,5040860,2021,6.2,833,20.1,2021-09-10,Drama
444,Titane,5000000,2021,6.4,1227,54.594,2021-10-01,Drama
445,Under the Open Sky,4702781,2021,7.5,23,8.253,2020-10-23,Drama
446,The Cursed,4588389,2021,6.8,211,18.729,2022-02-18,Horror
447,Major Grom: Plague Doctor,4493306,2021,6.7,532,23.037,2021-07-07,Action
448,C'mon C'mon,4300000,2021,7.3,580,17.503,2021-11-19,Drama
449,Voyagers,4298184,2021,6.0,725,28.309,2021-04-09,Science
450,My Little Pony: A New Generation,4100000,2021,7.8,281,27.218,2021-09-24,Animation
451,Pig,3889432,2021,6.7,1152,21.169,2021-07-16,Drama
452,Operation Portugal,3795575,2021,5.0,77,7.218,2021-07-02,Comedy
453,Wrong Turn,3777969,2021,6.0,990,76.09,2021-02-23,Horror
454,Roadrunner: A Film About Anthony Bourdain,3701480,2021,6.9,61,12.202,2021-07-16,Documentary
455,Annette,3642692,2021,6.8,618,16.985,2021-08-06,Drama
456,12 Mighty Orphans,3615193,2021,7.2,173,14.989,2021-06-18,History
457,An Egg Rescue,3606902,2021,7.8,366,27.435,2021-08-27,Animation
458,Dynasty Warriors,3310000,2021,6.0,121,28.893,2021-04-27,Action
459,Finding You,3300000,2021,6.9,138,12.879,2021-05-14,Romance
460,Lamb,3189087,2021,6.5,716,20.247,2021-10-08,Drama
461,Cyrano,3000000,2021,6.5,256,15.532,2021-12-17,Drama
462,The House Next Door: Meet the Blacks 2,2893660,2021,5.4,44,9.115,2021-06-11,Comedy
463,The Burning Sea,2836382,2021,6.7,200,28.243,2022-02-25,Action
464,Benedetta,2652725,2021,6.7,870,31.11,2021-12-03,Drama
465,The Eyes of Tammy Faye,2404127,2021,6.6,515,17.469,2021-09-17,Drama
466,Land,2375190,2021,6.7,223,18.556,2021-02-12,Drama
467,Red Rocket,2200000,2021,6.7,339,10.908,2021-12-10,Drama
468,"Paris, 13th District",2200000,2021,7.0,263,17.482,2022-04-15,Drama
469,A Family,2168905,2021,7.2,54,13.096,2021-06-18,Crime
470,American Traitor: The Trial of Axis Sally,2011012,2021,5.8,63,14.295,2021-05-28,History
471,The Deep House,1900000,2021,6.1,881,34.411,2021-11-05,Horror
472,The Summit of the Gods,1756552,2021,7.9,298,11.795,2021-11-24,Animation
473,CODA,1600000,2021,8.0,1958,84.641,2021-08-13,Drama
474,Even Mice Belong in Heaven,1505235,2021,6.8,19,8.656,2021-12-10,Adventure
475,The Last Letter from Your Lover,1451974,2021,7.5,535,26.299,2021-07-23,Drama
476,The Alpinist,1218734,2021,7.6,114,12.454,2021-09-07,Documentary
477,God's Not Dead: We The People,1200000,2021,7.0,109,28.715,2021-10-04,Drama
478,Garcia & Garcia,1163538,2021,5.4,57,5.678,2021-08-27,Comedy
479,BanG Dream! Episode of Roselia I: Promise,1128578,2021,5.9,4,1.61,2021-05-22,Animation
480,Cairo Conspiracy,3646605,2022,6.8,162,13.417,2023-01-27,TV Movie
481,Revoir Paris,3614838,2022,7.2,242,13.958,2023-06-23,Drama
482,The Son,3564844,2022,6.7,311,36.047,2022-11-25,Drama
483,Kitchen Brigade,3285760,2022,6.6,114,12.686,2023-01-13,Comedy
484,Close,3129968,2022,7.8,514,25.961,2022-12-02,Drama
485,Corsage,3092534,2022,6.4,149,17.619,2022-12-23,Drama
486,Studio 666,3000776,2022,6.0,203,18.525,2022-02-25,Horror
487,Family Camp,2700000,2022,5.7,26,7.862,2022-05-13,Comedy
488,Watcher,2543216,2022,6.5,676,30.151,2022-06-03,Horror
489,Incredible But True,2329813,2022,6.0,285,7.385,2022-11-08,Comedy
490,Slapface,2300000,2022,5.0,21,5.645,2021-03-20,Horror
491,Inspector Sun and the Curse of the Black Widow,2200000,2022,6.8,134,21.477,2023-10-27,Animation
492,The King's Daughter,2182492,2022,7.1,646,21.447,2022-01-21,Fantasy
493,Emily the Criminal,2157673,2022,6.8,632,30.74,2022-08-12,Crime
494,Honk for Jesus. Save Your Soul.,2144225,2022,5.3,27,10.108,2022-09-02,Comedy
495,The Contractor,2122288,2022,6.4,760,59.161,2022-04-01,Action
496,Umma,2118582,2022,5.4,242,238.04,2022-03-18,Horror
497,Final Cut,2046233,2022,7.0,338,17.251,2023-07-14,Horror
498,Just Super,2013434,2022,6.0,14,55.005,2023-05-09,Animation
499,Emily,1859871,2022,7.0,153,21.062,2023-02-17,History
500,Chip 'n Dale: Rescue Rangers,221992337,2022,7.0,1100,38.945,2022-05-18,Animation
501,Smile,216135048,2022,6.7,2438,65.7,2022-09-30,Horror
502,Nice View,211018982,2022,6.4,23,6.229,2022-02-02,Drama
503,DC League of Super-Pets,203000000,2022,7.3,1358,61.193,2022-07-29,Animation
504,The Lost City,192907684,2022,6.6,3067,61.058,2022-03-25,Action
505,M3GAN,179960167,2022,7.2,3369,88.41,2023-01-06,Science
506,Nope,170823080,2022,6.9,3351,40.686,2022-07-22,Horror
507,Ticket to Paradise,168763270,2022,6.6,861,25.457,2022-10-21,Comedy
508,Morbius,167500000,2022,6.1,3749,75.711,2022-04-01,Action
509,The Black Phone,161440742,2022,7.7,4269,49.985,2022-06-24,Horror
510,RRR,160000000,2022,7.8,1096,48.716,2022-06-01,Action
511,One Piece Film Red,150797338,2022,7.3,772,142.635,2022-11-04,Animation
512,Where the Crawdads Sing,144353965,2022,7.5,1362,36.368,2022-07-15,Drama
513,Scream,140041405,2022,6.7,2865,79.628,2022-01-14,Horror
514,Everything Everywhere All at Once,139200000,2022,7.8,5364,68.269,2022-03-25,Action
515,Death on the Nile,137307235,2022,6.5,3132,53.631,2022-02-11,Mystery
516,A Man Called Otto,108961677,2022,7.8,1988,59.868,2022-12-30,Comedy
517,Halloween Ends,104361355,2022,6.2,1485,53.894,2022-10-14,Horror
518,"Lyle, Lyle, Crocodile",104088441,2022,7.2,480,57.032,2022-10-07,Comedy
519,Warriors of Future,100730000,2022,7.2,343,42.202,2022-11-02,Drama
520,The Roundup,100130688,2022,7.2,189,41.892,2022-05-20,Action
521,The Woman King,97250903,2022,7.7,1773,70.317,2022-09-16,Action
522,K.G.F: Chapter 2,90410749,2022,7.5,118,23.984,2022-04-14,Action
523,Lift (The Downfall of Wade Adrian),89000000,2022,0.0,0,0.6,2022-10-07,TV Movie
524,Downton Abbey: A New Era,88000000,2022,7.2,391,25.505,2022-05-20,Drama
525,Don't Worry Darling,86669039,2022,6.8,1973,48.542,2022-09-23,TV Movie
526,Dragon Ball Super: Super Hero,86562140,2022,7.9,2582,82.151,2022-08-19,Animation
527,Only Fools Rush In,85365990,2022,5.9,20,4.158,2022-02-04,Romance
528,Dog,84774243,2022,7.3,1356,49.507,2022-02-18,Drama
529,Give Me Five,81322778,2022,4.8,5,2.832,2022-09-23,Comedy
530,Jackass Forever,80340218,2022,6.9,681,22.139,2022-02-04,Comedy
531,The Menu,79628200,2022,7.2,3864,47.442,2022-11-18,Comedy
532,Violent Night,75734910,2022,7.5,1636,77.746,2022-12-02,Action
533,Strange World,73621640,2022,6.4,1078,49.132,2022-11-23,Animation
534,New Gods: Yang Jian,70826303,2022,6.8,27,15.52,2023-01-20,Animation
535,The Northman,69633110,2022,7.1,3672,66.078,2022-04-22,Action
536,Batman: Stained Heir,69000000,2022,0.0,0,0.6,2022-08-05,Mystery
537,Moonfall,67295363,2022,6.4,2710,65.394,2022-02-04,Science
538,Babylon,63363579,2022,7.4,2352,68.409,2022-12-23,Drama
539,Beast,56000000,2022,6.7,1319,73.132,2022-08-19,TV Movie
540,The 355,55700000,2022,6.1,874,33.625,2022-01-07,Action
541,The Whale,55101305,2022,7.9,3073,65.02,2022-12-09,Drama
542,Vikram,54172014,2022,7.7,86,10.834,2022-06-02,Action
543,Ambulance,51783040,2022,6.7,1765,42.323,2022-04-08,TV Movie
544,Ambulance,51783040,2022,6.7,1765,42.323,2022-04-08,TV Movie
545,The Banshees of Inisherin,49262687,2022,7.5,2175,34.913,2022-10-21,Drama
546,The Fabelmans,45629909,2022,7.7,1846,42.505,2022-11-11,Drama
547,Barbarian,45352337,2022,6.9,1783,40.038,2022-09-09,Horror
548,Marry Me,44000000,2022,6.8,849,28.001,2022-02-11,Romance
549,Paws of Fury: The Legend of Hank,42500000,2022,6.7,256,32.002,2022-07-15,Animation
550,Whitney Houston: I Wanna Dance with Somebody,41000000,2022,7.0,333,25.074,2022-12-23,Music
551,Kingdom 2: Far and Away,38258562,2022,7.2,66,46.526,2023-07-17,Action
552,Prey for the Devil,37655699,2022,7.0,801,69.167,2022-10-28,Horror
553,Roald Dahl's Matilda the Musical,35602350,2022,6.8,642,68.395,2022-12-09,Family
554,The Bob's Burgers Movie,34148750,2022,7.0,260,20.864,2022-05-27,Animation
555,Shin Ultraman,33800000,2022,7.1,103,35.941,2023-01-11,Drama
556,The Invitation,33628000,2022,6.2,642,40.38,2022-08-26,Horror
557,Amsterdam,31245810,2022,6.1,1201,33.649,2022-09-27,Mystery
558,TÁR,29182623,2022,7.2,954,34.881,2022-10-07,Drama
559,The Unbearable Weight of Massive Talent,29116320,2022,6.8,1574,39.305,2022-04-22,Action
560,Triangle of Sadness,24733572,2022,7.1,1698,35.534,2022-10-07,Comedy
561,The Witch: Part 2. The Other One,23068596,2022,7.3,198,60.129,2022-11-08,Action
562,See How They Run,21921551,2022,6.4,878,18.738,2022-09-16,Mystery
563,Father Stu,21591034,2022,7.2,471,28.402,2022-04-13,Drama
564,The Amazing Maurice,21110363,2022,7.0,115,31.906,2023-02-03,Animation
565,Three Thousand Years of Longing,20282422,2022,6.9,1011,42.224,2022-08-31,Drama
566,Devotion,20000000,2022,7.2,580,36.426,2022-11-23,War
567,After Ever Happy,19200000,2022,6.8,1045,121.486,2022-09-07,Romance
568,Emergency Declaration,19200000,2022,7.6,275,40.381,2022-08-12,Action
569,Turning Red,18879922,2022,7.4,4565,135.76,2022-03-01,Animation
570,Broker,18632208,2022,7.2,332,28.707,2022-12-26,Drama
571,The Quintessential Quintuplets Movie,17288993,2022,8.4,335,41.973,2022-12-02,Animation
572,Decision to Leave,16914773,2022,7.4,942,58.309,2022-10-14,TV Movie
573,Fall,16120263,2022,7.2,3312,106.408,2022-08-12,TV Movie
574,Laal Singh Chaddha,16000000,2022,6.4,52,9.45,2022-08-11,Comedy
575,Blacklight,15902207,2022,6.2,968,41.738,2022-02-11,Action
576,Bones and All,15100000,2022,7.1,1059,28.897,2022-11-18,Drama
577,Terrifier 2,15100000,2022,6.8,1479,108.048,2023-11-08,Horror
578,Firestarter,15039250,2022,5.7,586,20.898,2022-05-13,Science
579,Bros,14800000,2022,6.9,410,23.627,2022-09-30,Comedy
580,X,14779858,2022,6.8,2370,100.242,2022-03-18,Horror
581,Bodies Bodies Bodies,13905020,2022,6.3,781,25.607,2022-08-05,Comedy
582,Memory,13897255,2022,6.9,1316,65.24,2022-04-29,Action
583,Glass Onion: A Knives Out Mystery,13280000,2022,7.1,4652,106.671,2022-11-23,Comedy
584,Easter Sunday,13071438,2022,6.0,34,10.738,2022-08-05,Comedy
585,Alienoid,12067556,2022,7.2,176,51.152,2022-08-26,Science
586,That Time I Got Reincarnated as a Slime the Movie: Scarlet Bond,11426555,2022,7.3,333,71.332,2023-01-20,Animation
587,Empire of Light,11320643,2022,6.7,403,23.142,2022-12-09,Drama
588,Men,11200000,2022,6.2,824,26.545,2022-05-20,Horror
589,Rise,11196824,2022,7.5,342,23.367,2023-06-02,Comedy
590,Moonage Daydream,10680627,2022,7.7,158,12.681,2022-09-16,Documentary
591,She Said,10632378,2022,7.3,416,22.502,2022-11-18,Drama
592,Mrs. Harris Goes to Paris,10370305,2022,7.2,249,17.368,2022-07-15,Drama
593,The Pirates: The Last Royal Treasure,10247262,2022,6.6,154,30.292,2022-03-02,Action
594,The Beasts,10238603,2022,7.5,535,18.96,2023-07-28,TV Movie
595,Orphan: First Kill,9572765,2022,6.7,1868,51.095,2022-08-19,Horror
596,Redeeming Love,9500000,2022,7.8,302,39.605,2022-01-21,Romance
597,The Eight Mountains,9494985,2022,7.7,535,17.346,2023-04-28,Drama
598,Pearl,9423445,2022,7.3,1112,44.693,2022-09-16,Horror
599,Till,8900000,2022,7.5,212,20.306,2022-10-14,Drama
600,"Good Luck to You, Leo Grande",7589829,2022,7.0,377,27.048,2022-05-02,Romance
601,Women Talking,7589419,2022,6.9,435,25.124,2022-12-23,Drama
602,Laid-Back Camp the Movie,7283918,2022,7.6,50,14.075,2022-11-18,Animation
603,Living,6999027,2022,7.0,289,25.295,2022-12-23,Drama
604,Jeepers Creepers: Reborn,6175213,2022,5.5,895,59.875,2022-09-19,Horror
605,UFC 274: Oliveira vs. Gaethje,6130000,2022,0.0,0,1.255,2022-05-07,Action
606,Armageddon Time,6100000,2022,6.6,333,18.587,2022-10-28,Drama
607,Marcel the Shell with Shoes On,6000000,2022,7.7,395,35.543,2022-06-24,Animation
608,Last Seen Alive,5950199,2022,6.5,808,43.282,2022-06-03,Action
609,UFC 270: Ngannou vs. Gane,5290213,2022,6.0,2,1.35,2022-01-22,Action
610,The Innocent,5175806,2022,6.9,272,15.042,2023-03-17,Comedy
611,Lifemark,5021114,2022,7.7,16,11.792,2022-09-09,Drama
612,Aftersun,4785157,2022,7.7,928,31.702,2022-10-21,Drama
613,Clerks III,4717597,2022,6.1,185,13.975,2022-09-04,Comedy
614,Shotgun Wedding,4495365,2022,6.3,997,66.356,2023-01-18,Action
615,Crimes of the Future,4400000,2022,6.2,893,23.203,2022-06-03,Horror
616,Medieval,4311284,2022,7.1,415,68.221,2022-09-09,Action
617,Kompromat,4283431,2022,6.5,194,16.802,2023-01-27,TV Movie
618,Vengeance,4225720,2022,6.6,284,18.73,2022-07-29,TV Movie
619,The Outfit,4026709,2022,7.1,811,46.715,2022-03-18,Crime
620,Cairo Conspiracy,3646605,2022,6.8,162,13.417,2023-01-27,TV Movie
621,Revoir Paris,3614838,2022,7.2,242,13.958,2023-06-23,Drama
622,The Son,3564844,2022,6.7,311,36.047,2022-11-25,Drama
623,Kitchen Brigade,3285760,2022,6.6,114,12.686,2023-01-13,Comedy
624,Close,3129968,2022,7.8,514,25.961,2022-12-02,Drama
625,Corsage,3092534,2022,6.4,149,17.619,2022-12-23,Drama
626,Studio 666,3000776,2022,6.0,203,18.525,2022-02-25,Horror
627,Family Camp,2700000,2022,5.7,26,7.862,2022-05-13,Comedy
628,Watcher,2543216,2022,6.5,676,30.151,2022-06-03,Horror
629,Incredible But True,2329813,2022,6.0,285,7.385,2022-11-08,Comedy
630,Slapface,2300000,2022,5.0,21,5.645,2021-03-20,Horror
631,Inspector Sun and the Curse of the Black Widow,2200000,2022,6.8,134,21.477,2023-10-27,Animation
632,The King's Daughter,2182492,2022,7.1,646,21.447,2022-01-21,Fantasy
633,Emily the Criminal,2157673,2022,6.8,632,30.74,2022-08-12,Crime
634,Honk for Jesus. Save Your Soul.,2144225,2022,5.3,27,10.108,2022-09-02,Comedy
635,The Contractor,2122288,2022,6.4,760,59.161,2022-04-01,Action
636,Umma,2118582,2022,5.4,242,238.04,2022-03-18,Horror
637,Final Cut,2046233,2022,7.0,338,17.251,2023-07-14,Horror
638,Just Super,2013434,2022,6.0,14,55.005,2023-05-09,Animation
639,Emily,1859871,2022,7.0,153,21.062,2023-02-17,History
640,Fear,2100000,2023,5.6,23,5.675,2023-01-27,Horror
641,Jules,2000000,2023,7.6,95,24.914,2023-08-11,Science
642,A Very Good Girl,1762261,2023,8.0,1,5.758,2023-10-06,Drama
643,Fallen Leaves,1600000,2023,6.9,59,12.845,2023-11-17,Comedy
644,Consecration,1504289,2023,5.8,116,34.515,2023-02-10,Horror
645,Passages,1103374,2023,6.6,60,22.333,2023-08-04,Drama
646,Strange Way of Life,1029023,2023,6.4,134,27.739,2023-10-04,Drama
647,The Puppetman,1000000,2023,0.0,0,85.313,2023-10-13,Horror
648,Juvenile Drive,1000000,2023,0.0,0,0.6,2023-05-26,Comedy
649,Wrapped Up,999999,2023,0.0,0,0.6,2023-04-11,Comedy
650,Rock Dog 3: Battle the Beat,886398,2023,6.2,22,9.799,2023-01-24,Animation
651,How to Blow Up a Pipeline,882348,2023,6.4,74,30.529,2023-04-07,Crime
652,Four Daughters,843503,2023,8.0,19,3.965,2023-10-27,Drama
653,Paint,811467,2023,5.5,83,20.579,2023-04-07,Comedy
654,The Royal Hotel,755034,2023,5.8,43,51.776,2023-10-06,Drama
655,Shortcomings,666482,2023,6.1,31,40.712,2023-08-04,Comedy
656,It's a Wonderful Knife,605000,2023,5.3,3,20.536,2023-11-10,Horror
657,The Domino Revival,572772,2023,0.0,0,2.997,2023-10-24,Drama
658,Master Gardener,563772,2023,6.3,107,17.004,2023-05-19,Drama
659,When Evil Lurks,547573,2023,7.4,196,254.187,2023-10-06,Horror
660,The Nun II,268000000,2023,6.9,1404,495.87,2023-09-08,Horror
661,Five Nights at Freddy's,252000000,2023,8.0,2187,1436.818,2023-10-27,Horror
662,Sound of Freedom,246728260,2023,8.1,1419,783.527,2023-07-04,Action
663,TAYLOR SWIFT | THE ERAS TOUR,241000000,2023,8.3,65,71.605,2023-10-13,Music
664,The Canterville Ghost,228473555,2023,6.0,1,10.363,2023-10-20,Animation
665,Dungeons & Dragons: Honor Among Thieves,208177026,2023,7.4,2588,143.955,2023-03-31,Adventure
666,PAW Patrol: The Mighty Movie,188800000,2023,7.0,161,483.916,2023-09-29,Animation
667,Insidious: The Red Door,185582093,2023,6.8,1312,113.691,2023-07-07,Horror
668,The Equalizer 3,185500000,2023,7.4,1599,647.389,2023-09-01,Action
669,Teenage Mutant Ninja Turtles: Mutant Mayhem,180000000,2023,7.3,827,458.345,2023-08-02,Animation
670,Scream VI,168961389,2023,7.1,2032,143.843,2023-03-10,Horror
671,Evil Dead Rise,146700000,2023,7.0,2443,107.848,2023-04-21,Horror
672,Hidden Blade,139083591,2023,6.5,27,11.451,2023-02-17,Drama
673,Killers of the Flower Moon,138034507,2023,7.7,927,198.453,2023-10-20,Crime
674,Jawan,136698671,2023,7.1,106,61.823,2023-09-07,Action
675,Deep Sea,136090000,2023,7.0,53,41.234,2023-11-24,Animation
676,Shazam! Fury of the Gods,133838006,2023,6.6,2516,132.377,2023-03-17,Comedy
677,The Exorcist: Believer,131700000,2023,6.2,557,427.566,2023-10-06,Horror
678,Pathaan,130000000,2023,6.6,119,27.782,2023-01-25,Action
679,Blue Beetle,128563796,2023,7.0,1568,558.874,2023-08-18,Action
680,A Haunting in Venice,119000000,2023,6.8,1107,182.451,2023-09-15,Mystery
681,Haunted Mansion,117300000,2023,6.6,696,108.51,2023-07-28,Fantasy
682,Gran Turismo,114800000,2023,8.0,1411,515.026,2023-08-11,Adventure
683,The Marvels,111401072,2023,6.5,380,732.498,2023-11-10,Action
684,The Creator,102000000,2023,7.1,596,581.566,2023-09-29,Science
685,Saw X,100900000,2023,7.4,1046,591.417,2023-09-29,Horror
686,Honk,100000000,2023,0.0,0,0.623,2023-09-08,TV Movie
687,Talk to Me,90600000,2023,7.2,1733,303.006,2023-07-28,Horror
688,Cocaine Bear,87649532,2023,6.2,1565,89.197,2023-02-24,TV Movie
689,Air,87078875,2023,7.4,1446,43.515,2023-04-05,Drama
690,No Hard Feelings,82995526,2023,7.1,1716,154.663,2023-06-23,Comedy
691,Born to Fly,80504376,2023,5.8,25,39.09,2023-04-28,Drama
692,The Pope's Exorcist,70204828,2023,7.1,2159,109.869,2023-04-14,Horror
693,The Boogeyman,66978229,2023,6.6,609,65.518,2023-06-02,Horror
694,Leo,60907057,2023,7.6,21,53.128,2023-10-19,Action
695,Trolls Band Together,58956367,2023,6.5,44,288.474,2023-11-17,Animation
696,Expend4bles,58000000,2023,6.5,707,1207.257,2023-09-22,Action
697,The Boy and the Heron,55800000,2023,7.3,151,115.283,2023-12-08,Animation
698,65,55000000,2023,6.1,1794,71.497,2023-03-10,Science
699,Knock at the Cabin,54708659,2023,6.3,1962,54.474,2023-02-03,TV Movie
700,Mummies,53400000,2023,7.1,389,63.429,2023-02-24,Animation
701,Jesus Revolution,52300000,2023,6.8,84,18.599,2023-02-24,Drama
702,Magic Mike's Last Dance,52000000,2023,6.8,375,38.463,2023-02-10,Comedy
703,Plane,51000000,2023,7.0,1836,89.847,2023-01-13,Action
704,Asteroid City,47281670,2023,6.6,1141,54.01,2023-06-16,Comedy
705,Missing,45100756,2023,7.5,757,37.252,2023-01-20,TV Movie
706,"Ruby Gillman, Teenage Kraken",43716515,2023,7.4,745,169.365,2023-06-30,Animation
707,Adipurush,43000000,2023,5.4,63,120.637,2023-06-16,Action
708,Hachiko,42423217,2023,7.2,11,3.472,2023-04-14,Drama
709,Operation Fortune: Ruse de Guerre,37846713,2023,6.6,1099,78.29,2023-03-03,Action
710,"Miraculous: Ladybug & Cat Noir, The Movie",37700000,2023,7.8,649,181.158,2023-07-28,Animation
711,Ride On,36232675,2023,7.4,184,48.622,2023-04-07,Action
712,My Big Fat Greek Wedding 3,34900000,2023,6.6,62,42.147,2023-09-08,Comedy
713,Strays,32000000,2023,7.5,511,143.895,2023-08-18,Comedy
714,The Three Musketeers: D'Artagnan,31165459,2023,7.1,748,54.503,2023-12-08,Adventure
715,80 for Brady,29637811,2023,6.6,110,20.883,2023-02-03,Comedy
716,BTS: Yet to Come in Cinemas,29291883,2023,5.6,21,66.884,2023-02-01,Music
717,Concrete Utopia,28900000,2023,7.6,21,43.249,2023-12-08,TV Movie
718,Book Club: The Next Chapter,27849137,2023,6.6,103,20.789,2023-05-12,Comedy
719,Renfield,26400000,2023,6.7,1126,48.511,2023-04-14,Comedy
720,"Are You There God? It's Me, Margaret.",21826840,2023,7.3,154,41.049,2023-04-28,Comedy
721,The Last Voyage of the Demeter,21576744,2023,7.2,886,198.574,2023-08-11,TV Movie
722,Guy Ritchie's The Covenant,20000000,2023,7.8,1805,158.221,2023-04-21,War
723,Mavka: The Forest Song,17300000,2023,7.3,491,364.623,2023-08-15,Animation
724,Retribution,16700000,2023,7.0,658,476.823,2023-08-25,Action
725,The Blind,16600000,2023,7.6,9,16.998,2023-09-28,Drama
726,Mastaney,16367572,2023,10.0,1,3.351,2023-08-25,Action
727,The Blackening,16000000,2023,6.1,152,32.821,2023-06-16,Horror
728,Past Lives,15348213,2023,7.9,275,88.731,2023-06-02,Drama
729,Ping-Pong: The Triumph,14934896,2023,6.9,10,5.094,2023-02-17,Drama
730,Shin Kamen Rider,14768529,2023,7.0,218,75.759,2023-05-31,Action
731,Dumb Money,14048963,2023,6.6,88,154.7,2023-09-15,Comedy
732,Dr. Cheon and the Lost Talisman,14000000,2023,7.0,2,51.062,2023-10-06,Action
733,Sisu,13009289,2023,7.5,1457,145.614,2023-04-28,Action
734,Radical,13000000,2023,7.5,10,210.938,2023-11-03,Drama
735,Priscilla,12700000,2023,7.3,23,45.261,2023-10-27,Drama
736,His Only Son,12100000,2023,6.1,9,154.871,2023-03-31,Drama
737,Bottoms,11612324,2023,7.0,165,184.107,2023-08-25,Comedy
738,Anatomy of a Fall,11500000,2023,7.8,327,61.396,2023-10-13,Drama
739,Joy Ride,11000000,2023,6.6,185,34.568,2023-07-07,Comedy
740,After Death,10900000,2023,4.5,2,16.589,2023-10-27,Documentary
741,What's Love Got to Do with It?,10898395,2023,6.0,131,17.389,2023-05-05,Romance
742,Beau Is Afraid,10000000,2023,6.8,603,37.334,2023-04-14,Comedy
743,Love Again,10000000,2023,6.7,218,29.068,2023-05-05,Romance
744,After Everything,9700000,2023,7.0,510,401.219,2023-09-13,Romance
745,The Crime Is Mine,9693463,2023,6.5,259,15.752,2023-12-25,Comedy
746,Hypnotic,9464308,2023,6.5,719,146.126,2023-05-12,Action
747,Champions,9263009,2023,7.0,214,40.994,2023-03-10,Comedy
748,Jay Walker: Immature,8000000,2023,0.0,0,0.735,2023-07-05,Comedy
749,Godzilla Minus One,7800000,2023,7.3,3,51.749,2023-12-01,Science
750,Freelance,7300000,2023,7.2,15,60.301,2023-10-27,Action
751,Knights of the Zodiac,6794519,2023,6.6,883,141.81,2023-05-12,Fantasy
752,Kushi,6400000,2023,5.3,10,8.564,2023-09-01,Romance
753,Marlowe,6262663,2023,5.9,256,26.098,2023-02-15,Mystery
754,Golda,5700000,2023,6.8,64,28.307,2023-08-23,History
755,The Chosen: Season 3 Finale,5600000,2023,8.3,3,4.742,2023-02-02,Drama
756,Cobweb,5569593,2023,6.8,465,72.645,2023-07-21,Horror
757,Nefarious,5433685,2023,6.9,128,36.079,2023-04-14,Horror
758,Winnie the Pooh: Blood and Honey,5200000,2023,5.3,1020,52.135,2023-02-15,Horror
759,The Peasants,5100000,2023,8.2,15,10.695,2023-12-08,Animation
760,Infinity Pool,5078400,2023,6.1,470,40.153,2023-01-27,Horror
761,You Hurt My Feelings,5000000,2023,6.6,69,25.66,2023-05-26,Comedy
762,It Lives Inside,4800000,2023,5.7,80,111.916,2023-09-22,Horror
763,Maybe I Do,4393504,2023,5.7,133,20.349,2023-01-27,Drama
764,Theater Camp,4200000,2023,6.6,65,28.501,2023-07-14,Comedy
765,¡Que viva México!,4155903,2023,7.3,134,26.15,2023-03-24,Drama
766,Mafia Mamma,3902761,2023,6.3,151,42.448,2023-04-14,Comedy
767,The Sitting Duck,3900000,2023,7.1,78,9.877,2023-12-01,TV Movie
768,Dream,3890008,2023,7.0,70,27.636,2023-07-25,Comedy
769,Big George Foreman,3800000,2023,7.6,151,39.919,2023-04-28,Drama
770,Left Behind: Rise of the Antichrist,3600000,2023,4.4,12,6.641,2023-01-26,Science
771,The Journey: A Music Special from Andrea Bocelli,3597587,2023,0.0,0,1.798,2023-04-02,Music
772,What Happens Later,3000000,2023,2.0,1,13.485,2023-11-03,Romance
773,Chevalier,3000000,2023,6.4,62,19.596,2023-04-21,Music
774,Kandahar,3000000,2023,6.9,711,170.765,2023-05-26,Action
775,BlackBerry,2600000,2023,7.2,223,40.666,2023-05-12,Comedy
776,Soulmate,2471778,2023,7.8,32,20.298,2023-03-24,Drama
777,Journey to Bethlehem,2400000,2023,7.0,1,23.134,2023-11-10,Drama
778,Long Live Love!,2122023,2023,8.4,11,58.147,2023-10-26,Romance
779,Skinamarink,2100000,2023,5.7,179,126.163,2023-01-13,Horror
780,Fear,2100000,2023,5.6,23,5.675,2023-01-27,Horror
781,Jules,2000000,2023,7.6,95,24.914,2023-08-11,Science
782,A Very Good Girl,1762261,2023,8.0,1,5.758,2023-10-06,Drama
783,Fallen Leaves,1600000,2023,6.9,59,12.845,2023-11-17,Comedy
784,Consecration,1504289,2023,5.8,116,34.515,2023-02-10,Horror
785,Passages,1103374,2023,6.6,60,22.333,2023-08-04,Drama
786,Strange Way of Life,1029023,2023,6.4,134,27.739,2023-10-04,Drama
787,The Puppetman,1000000,2023,0.0,0,85.313,2023-10-13,Horror
788,Juvenile Drive,1000000,2023,0.0,0,0.6,2023-05-26,Comedy
789,Wrapped Up,999999,2023,0.0,0,0.6,2023-04-11,Comedy
790,Rock Dog 3: Battle the Beat,886398,2023,6.2,22,9.799,2023-01-24,Animation
791,How to Blow Up a Pipeline,882348,2023,6.4,74,30.529,2023-04-07,Crime
792,Four Daughters,843503,2023,8.0,19,3.965,2023-10-27,Drama
793,Paint,811467,2023,5.5,83,20.579,2023-04-07,Comedy
794,The Royal Hotel,755034,2023,5.8,43,51.776,2023-10-06,Drama
795,Shortcomings,666482,2023,6.1,31,40.712,2023-08-04,Comedy
796,It's a Wonderful Knife,605000,2023,5.3,3,20.536,2023-11-10,Horror
797,The Domino Revival,572772,2023,0.0,0,2.997,2023-10-24,Drama
798,Master Gardener,563772,2023,6.3,107,17.004,2023-05-19,Drama
799,When Evil Lurks,547573,2023,7.4,196,254.187,2023-10-06,Horror
